2025-05-15 13:56:04,1000sats,volatility,"1000sats在1d窗口内波动率为26.11%",2025-05-15 13:15:00,2025-05-15 13:29:59,0.00006590,26.11,0.00,0,0.00000000,0
2025-05-15 13:56:04,1000sats,volatility,"1000sats在1d窗口内波动率为26.11%",2025-05-15 13:15:00,2025-05-15 13:29:59,0.00006590,26.11,0.00,0,0.00000000,0
2025-05-15 13:56:04,1000cat,volatility,"1000cat在1d窗口内波动率为16.39%",2025-05-15 13:15:00,2025-05-15 13:29:59,0.01076000,16.39,0.00,0,0.00000000,0
2025-05-15 13:56:04,1000cat,volatility,"1000cat在1d窗口内波动率为16.39%",2025-05-15 13:15:00,2025-05-15 13:29:59,0.01076000,16.39,0.00,0,0.00000000,0
2025-05-15 13:56:04,1mbabydoge,volatility,"1mbabydoge在1d窗口内波动率为12.08%",2025-05-15 13:15:00,2025-05-15 13:29:59,0.00182670,12.08,0.00,0,0.00000000,0
2025-05-15 13:56:04,1mbabydoge,volatility,"1mbabydoge在1d窗口内波动率为12.08%",2025-05-15 13:15:00,2025-05-15 13:29:59,0.00182670,12.08,0.00,0,0.00000000,0
2025-05-15 13:56:04,ach,volatility,"ach在1d窗口内波动率为7.63%",2025-05-15 13:15:00,2025-05-15 13:29:59,0.02693000,7.63,0.00,0,0.00000000,0
2025-05-15 13:56:04,ach,volatility,"ach在1d窗口内波动率为7.63%",2025-05-15 13:15:00,2025-05-15 13:29:59,0.02693000,7.63,0.00,0,0.00000000,0
2025-05-15 13:56:04,acm,volatility,"acm在1d窗口内波动率为6.92%",2025-05-15 13:15:00,2025-05-15 13:29:59,0.95300000,6.92,0.00,0,0.00000000,0
2025-05-15 13:56:04,acm,volatility,"acm在1d窗口内波动率为6.92%",2025-05-15 13:15:00,2025-05-15 13:29:59,0.95300000,6.92,0.00,0,0.00000000,0
2025-05-15 13:56:04,adx,volatility,"adx在1d窗口内波动率为5.75%",2025-05-15 13:15:00,2025-05-15 13:29:59,0.11550000,5.75,0.00,0,0.00000000,0
2025-05-15 13:56:04,adx,volatility,"adx在1d窗口内波动率为5.75%",2025-05-15 13:15:00,2025-05-15 13:29:59,0.11550000,5.75,0.00,0,0.00000000,0
2025-05-15 13:56:04,ai,volatility,"ai在1d窗口内波动率为12.68%",2025-05-15 13:15:00,2025-05-15 13:29:59,0.19510000,12.68,0.00,0,0.00000000,0
2025-05-15 13:56:04,ai,volatility,"ai在1d窗口内波动率为12.68%",2025-05-15 13:15:00,2025-05-15 13:29:59,0.19510000,12.68,0.00,0,0.00000000,0
2025-05-15 13:56:04,agld,volatility,"agld在1d窗口内波动率为13.18%",2025-05-15 13:15:00,2025-05-15 13:29:59,1.04000000,13.18,0.00,0,0.00000000,0
2025-05-15 13:56:04,agld,volatility,"agld在1d窗口内波动率为13.18%",2025-05-15 13:15:00,2025-05-15 13:29:59,1.04000000,13.18,0.00,0,0.00000000,0
2025-05-15 13:56:04,alcx,volatility,"alcx在1d窗口内波动率为7.01%",2025-05-15 13:15:00,2025-05-15 13:29:59,10.55000000,7.01,0.00,0,0.00000000,0
2025-05-15 13:56:04,alcx,volatility,"alcx在1d窗口内波动率为7.01%",2025-05-15 13:15:00,2025-05-15 13:29:59,10.55000000,7.01,0.00,0,0.00000000,0
2025-05-15 13:56:04,algo,volatility,"algo在1d窗口内波动率为8.23%",2025-05-15 13:15:00,2025-05-15 13:29:59,0.23120000,8.23,0.00,0,0.00000000,0
2025-05-15 13:56:04,algo,volatility,"algo在1d窗口内波动率为8.23%",2025-05-15 13:15:00,2025-05-15 13:29:59,0.23120000,8.23,0.00,0,0.00000000,0
2025-05-15 13:56:04,alt,volatility,"alt在1d窗口内波动率为12.27%",2025-05-15 13:15:00,2025-05-15 13:29:59,0.03885000,12.27,0.00,0,0.00000000,0
2025-05-15 13:56:04,alt,volatility,"alt在1d窗口内波动率为12.27%",2025-05-15 13:15:00,2025-05-15 13:29:59,0.03885000,12.27,0.00,0,0.00000000,0
2025-05-15 13:56:04,anime,volatility,"anime在1d窗口内波动率为10.18%",2025-05-15 13:15:00,2025-05-15 13:29:59,0.02110000,10.18,0.00,0,0.00000000,0
2025-05-15 13:56:04,anime,volatility,"anime在1d窗口内波动率为10.18%",2025-05-15 13:15:00,2025-05-15 13:29:59,0.02110000,10.18,0.00,0,0.00000000,0
2025-05-15 13:56:04,ar,volatility,"ar在1d窗口内波动率为8.80%",2025-05-15 13:15:00,2025-05-15 13:29:59,7.89000000,8.80,0.00,0,0.00000000,0
2025-05-15 13:56:04,ape,volatility,"ape在1d窗口内波动率为8.84%",2025-05-15 13:15:00,2025-05-15 13:29:59,0.65810000,8.84,0.00,0,0.00000000,0
2025-05-15 13:56:04,ape,volatility,"ape在1d窗口内波动率为8.84%",2025-05-15 13:15:00,2025-05-15 13:29:59,0.65810000,8.84,0.00,0,0.00000000,0
2025-05-15 13:56:04,ar,volatility,"ar在1d窗口内波动率为8.80%",2025-05-15 13:15:00,2025-05-15 13:29:59,7.89000000,8.80,0.00,0,0.00000000,0
2025-05-15 13:56:04,ardr,volatility,"ardr在1d窗口内波动率为6.70%",2025-05-15 13:15:00,2025-05-15 13:29:59,0.10574000,6.70,0.00,0,0.00000000,0
2025-05-15 13:56:04,ardr,volatility,"ardr在1d窗口内波动率为6.70%",2025-05-15 13:15:00,2025-05-15 13:29:59,0.10574000,6.70,0.00,0,0.00000000,0
2025-05-15 13:56:04,ata,volatility,"ata在1d窗口内波动率为9.95%",2025-05-15 10:30:00,2025-05-15 10:44:59,0.06750000,9.95,0.00,0,0.00000000,0
2025-05-15 13:56:04,asr,volatility,"asr在1d窗口内波动率为17.26%",2025-05-15 13:15:00,2025-05-15 13:29:59,1.76200000,17.26,0.00,0,0.00000000,0
2025-05-15 13:56:04,asr,volatility,"asr在1d窗口内波动率为17.26%",2025-05-15 13:15:00,2025-05-15 13:29:59,1.76200000,17.26,0.00,0,0.00000000,0
2025-05-15 13:56:04,arpa,volatility,"arpa在1d窗口内波动率为15.11%",2025-05-15 13:15:00,2025-05-15 13:29:59,0.02639000,15.11,0.00,0,0.00000000,0
2025-05-15 13:56:04,arpa,volatility,"arpa在1d窗口内波动率为15.11%",2025-05-15 13:15:00,2025-05-15 13:29:59,0.02639000,15.11,0.00,0,0.00000000,0
2025-05-15 13:56:04,ata,volatility,"ata在1d窗口内波动率为9.95%",2025-05-15 10:30:00,2025-05-15 10:44:59,0.06750000,9.95,0.00,0,0.00000000,0
2025-05-15 13:56:04,atm,volatility,"atm在1d窗口内波动率为7.86%",2025-05-15 13:15:00,2025-05-15 13:29:59,1.29000000,7.86,0.00,0,0.00000000,0
2025-05-15 13:56:04,atm,volatility,"atm在1d窗口内波动率为7.86%",2025-05-15 13:15:00,2025-05-15 13:29:59,1.29000000,7.86,0.00,0,0.00000000,0
2025-05-15 13:56:04,atom,volatility,"atom在1d窗口内波动率为6.36%",2025-05-15 13:15:00,2025-05-15 13:29:59,4.99500000,6.36,0.00,0,0.00000000,0
2025-05-15 13:56:04,atom,volatility,"atom在1d窗口内波动率为6.36%",2025-05-15 13:15:00,2025-05-15 13:29:59,4.99500000,6.36,0.00,0,0.00000000,0
2025-05-15 13:56:04,avax,volatility,"avax在1d窗口内波动率为6.91%",2025-05-15 13:15:00,2025-05-15 13:29:59,24.50000000,6.91,0.00,0,0.00000000,0
2025-05-15 13:56:04,avax,volatility,"avax在1d窗口内波动率为6.91%",2025-05-15 13:15:00,2025-05-15 13:29:59,24.50000000,6.91,0.00,0,0.00000000,0
2025-05-15 13:56:04,bananas31,volatility,"bananas31在1d窗口内波动率为13.45%",2025-05-15 13:15:00,2025-05-15 13:29:59,0.00532000,13.45,0.00,0,0.00000000,0
2025-05-15 13:56:04,bananas31,volatility,"bananas31在1d窗口内波动率为13.45%",2025-05-15 13:15:00,2025-05-15 13:29:59,0.00532000,13.45,0.00,0,0.00000000,0
2025-05-15 13:56:04,beamx,volatility,"beamx在1d窗口内波动率为9.09%",2025-05-15 13:15:00,2025-05-15 13:29:59,0.00864000,9.09,0.00,0,0.00000000,0
2025-05-15 13:56:04,beamx,volatility,"beamx在1d窗口内波动率为9.09%",2025-05-15 13:15:00,2025-05-15 13:29:59,0.00864000,9.09,0.00,0,0.00000000,0
2025-05-15 13:56:04,bico,volatility,"bico在1d窗口内波动率为8.46%",2025-05-15 13:15:00,2025-05-15 13:29:59,0.13780000,8.46,0.00,0,0.00000000,0
2025-05-15 13:56:04,blur,volatility,"blur在1d窗口内波动率为7.57%",2025-05-15 13:15:00,2025-05-15 13:29:59,0.11620000,7.57,0.00,0,0.00000000,0
2025-05-15 13:56:04,blur,volatility,"blur在1d窗口内波动率为7.57%",2025-05-15 13:15:00,2025-05-15 13:29:59,0.11620000,7.57,0.00,0,0.00000000,0
2025-05-15 13:56:04,bico,volatility,"bico在1d窗口内波动率为8.46%",2025-05-15 13:15:00,2025-05-15 13:29:59,0.13780000,8.46,0.00,0,0.00000000,0
2025-05-15 13:56:04,bnsol,volatility,"bnsol在1d窗口内波动率为5.72%",2025-05-15 13:15:00,2025-05-15 13:29:59,182.90000000,5.72,0.00,0,0.00000000,0
2025-05-15 13:56:04,bnsol,volatility,"bnsol在1d窗口内波动率为5.72%",2025-05-15 13:15:00,2025-05-15 13:29:59,182.90000000,5.72,0.00,0,0.00000000,0
2025-05-15 13:56:04,bnt,volatility,"bnt在1d窗口内波动率为6.77%",2025-05-15 13:15:00,2025-05-15 13:29:59,0.72270000,6.77,0.00,0,0.00000000,0
2025-05-15 13:56:04,bnt,volatility,"bnt在1d窗口内波动率为6.77%",2025-05-15 13:15:00,2025-05-15 13:29:59,0.72270000,6.77,0.00,0,0.00000000,0
2025-05-15 13:56:04,bonk,volatility,"bonk在1d窗口内波动率为12.89%",2025-05-15 13:15:00,2025-05-15 13:29:59,0.00002198,12.89,0.00,0,0.00000000,0
2025-05-15 13:56:04,bonk,volatility,"bonk在1d窗口内波动率为12.89%",2025-05-15 13:15:00,2025-05-15 13:29:59,0.00002198,12.89,0.00,0,0.00000000,0
2025-05-15 13:56:04,bome,ma_trend,"bome的MA81趋势向上",2025-05-14 16:30:00,2025-05-14 16:44:59,0.00000000,0.00,0.00,81,0.00295041,20
2025-05-15 13:56:04,bome,volatility,"bome在1d窗口内波动率为29.35%",2025-05-14 16:30:00,2025-05-14 16:44:59,0.00309600,29.35,0.00,0,0.00000000,0
2025-05-15 13:56:04,bome,ma_trend,"bome的MA81趋势向上",2025-05-14 16:30:00,2025-05-14 16:44:59,0.00000000,0.00,0.00,81,0.00295041,20
2025-05-15 13:56:04,bome,volatility,"bome在1d窗口内波动率为29.35%",2025-05-14 16:30:00,2025-05-14 16:44:59,0.00309600,29.35,0.00,0,0.00000000,0
2025-05-15 13:56:04,bsw,volatility,"bsw在1d窗口内波动率为8.53%",2025-05-15 13:15:00,2025-05-15 13:29:59,0.03600000,8.53,0.00,0,0.00000000,0
2025-05-15 13:56:04,bsw,volatility,"bsw在1d窗口内波动率为8.53%",2025-05-15 13:15:00,2025-05-15 13:29:59,0.03600000,8.53,0.00,0,0.00000000,0
2025-05-15 13:56:04,broccoli714,volatility,"broccoli714在1d窗口内波动率为15.04%",2025-05-15 13:15:00,2025-05-15 13:29:59,0.03870000,15.04,0.00,0,0.00000000,0
2025-05-15 13:56:04,broccoli714,volatility,"broccoli714在1d窗口内波动率为15.04%",2025-05-15 13:15:00,2025-05-15 13:29:59,0.03870000,15.04,0.00,0,0.00000000,0
2025-05-15 13:56:04,cati,volatility,"cati在1d窗口内波动率为15.04%",2025-05-15 13:15:00,2025-05-15 13:29:59,0.13130000,15.04,0.00,0,0.00000000,0
2025-05-15 13:56:04,cati,volatility,"cati在1d窗口内波动率为15.04%",2025-05-15 13:15:00,2025-05-15 13:29:59,0.13130000,15.04,0.00,0,0.00000000,0
2025-05-15 13:56:04,cfx,volatility,"cfx在1d窗口内波动率为8.83%",2025-05-15 13:15:00,2025-05-15 13:29:59,0.09550000,8.83,0.00,0,0.00000000,0
2025-05-15 13:56:04,cfx,volatility,"cfx在1d窗口内波动率为8.83%",2025-05-15 13:15:00,2025-05-15 13:29:59,0.09550000,8.83,0.00,0,0.00000000,0
2025-05-15 13:56:04,celr,volatility,"celr在1d窗口内波动率为9.18%",2025-05-15 13:15:00,2025-05-15 13:29:59,0.01125000,9.18,0.00,0,0.00000000,0
2025-05-15 13:56:04,celr,volatility,"celr在1d窗口内波动率为9.18%",2025-05-15 13:15:00,2025-05-15 13:29:59,0.01125000,9.18,0.00,0,0.00000000,0
2025-05-15 13:56:04,cgpt,volatility,"cgpt在1d窗口内波动率为14.25%",2025-05-15 13:15:00,2025-05-15 13:29:59,0.12890000,14.25,0.00,0,0.00000000,0
2025-05-15 13:56:04,cgpt,volatility,"cgpt在1d窗口内波动率为14.25%",2025-05-15 13:15:00,2025-05-15 13:29:59,0.12890000,14.25,0.00,0,0.00000000,0
2025-05-15 13:56:04,comp,volatility,"comp在1d窗口内波动率为6.75%",2025-05-15 13:15:00,2025-05-15 13:29:59,45.38000000,6.75,0.00,0,0.00000000,0
2025-05-15 13:56:04,comp,volatility,"comp在1d窗口内波动率为6.75%",2025-05-15 13:15:00,2025-05-15 13:29:59,45.38000000,6.75,0.00,0,0.00000000,0
2025-05-15 13:56:04,ctsi,volatility,"ctsi在1d窗口内波动率为8.55%",2025-05-15 13:15:00,2025-05-15 13:29:59,0.07880000,8.55,0.00,0,0.00000000,0
2025-05-15 13:56:04,ctsi,volatility,"ctsi在1d窗口内波动率为8.55%",2025-05-15 13:15:00,2025-05-15 13:29:59,0.07880000,8.55,0.00,0,0.00000000,0
2025-05-15 13:56:04,data,volatility,"data在1d窗口内波动率为9.22%",2025-05-15 13:15:00,2025-05-15 13:29:59,0.01811000,9.22,0.00,0,0.00000000,0
2025-05-15 13:56:04,data,volatility,"data在1d窗口内波动率为9.22%",2025-05-15 13:15:00,2025-05-15 13:29:59,0.01811000,9.22,0.00,0,0.00000000,0
2025-05-15 13:56:04,dent,volatility,"dent在1d窗口内波动率为8.81%",2025-05-15 13:15:00,2025-05-15 13:29:59,0.00090400,8.81,0.00,0,0.00000000,0
2025-05-15 13:56:04,dego,volatility,"dego在1d窗口内波动率为7.62%",2025-05-15 13:15:00,2025-05-15 13:29:59,1.83800000,7.62,0.00,0,0.00000000,0
2025-05-15 13:56:04,dego,volatility,"dego在1d窗口内波动率为7.62%",2025-05-15 13:15:00,2025-05-15 13:29:59,1.83800000,7.62,0.00,0,0.00000000,0
2025-05-15 13:56:04,dent,volatility,"dent在1d窗口内波动率为8.81%",2025-05-15 13:15:00,2025-05-15 13:29:59,0.00090400,8.81,0.00,0,0.00000000,0
2025-05-15 13:56:04,dusk,volatility,"dusk在1d窗口内波动率为7.99%",2025-05-15 13:15:00,2025-05-15 13:29:59,0.09620000,7.99,0.00,0,0.00000000,0
2025-05-15 13:56:04,dusk,volatility,"dusk在1d窗口内波动率为7.99%",2025-05-15 13:15:00,2025-05-15 13:29:59,0.09620000,7.99,0.00,0,0.00000000,0
2025-05-15 13:56:04,dogs,volatility,"dogs在1d窗口内波动率为13.45%",2025-05-15 13:15:00,2025-05-15 13:29:59,0.00021830,13.45,0.00,0,0.00000000,0
2025-05-15 13:56:04,dogs,volatility,"dogs在1d窗口内波动率为13.45%",2025-05-15 13:15:00,2025-05-15 13:29:59,0.00021830,13.45,0.00,0,0.00000000,0
2025-05-15 13:56:04,dydx,volatility,"dydx在1d窗口内波动率为9.21%",2025-05-15 13:15:00,2025-05-15 13:29:59,0.67830000,9.21,0.00,0,0.00000000,0
2025-05-15 13:56:04,dydx,volatility,"dydx在1d窗口内波动率为9.21%",2025-05-15 13:15:00,2025-05-15 13:29:59,0.67830000,9.21,0.00,0,0.00000000,0
2025-05-15 13:56:04,dym,volatility,"dym在1d窗口内波动率为15.76%",2025-05-14 16:30:00,2025-05-14 16:44:59,0.46300000,15.76,0.00,0,0.00000000,0
2025-05-15 13:56:04,dym,volatility,"dym在1d窗口内波动率为15.76%",2025-05-14 16:30:00,2025-05-14 16:44:59,0.46300000,15.76,0.00,0,0.00000000,0
2025-05-15 13:56:04,ena,volatility,"ena在1d窗口内波动率为11.61%",2025-05-15 13:15:00,2025-05-15 13:29:59,0.38640000,11.61,0.00,0,0.00000000,0
2025-05-15 13:56:04,enj,volatility,"enj在1d窗口内波动率为9.13%",2025-05-15 13:15:00,2025-05-15 13:29:59,0.09300000,9.13,0.00,0,0.00000000,0
2025-05-15 13:56:04,enj,volatility,"enj在1d窗口内波动率为9.13%",2025-05-15 13:15:00,2025-05-15 13:29:59,0.09300000,9.13,0.00,0,0.00000000,0
2025-05-15 13:56:04,egld,volatility,"egld在1d窗口内波动率为9.60%",2025-05-15 13:15:00,2025-05-15 13:29:59,19.78000000,9.60,0.00,0,0.00000000,0
2025-05-15 13:56:04,egld,volatility,"egld在1d窗口内波动率为9.60%",2025-05-15 13:15:00,2025-05-15 13:29:59,19.78000000,9.60,0.00,0,0.00000000,0
2025-05-15 13:56:04,ena,volatility,"ena在1d窗口内波动率为11.61%",2025-05-15 13:15:00,2025-05-15 13:29:59,0.38640000,11.61,0.00,0,0.00000000,0
2025-05-15 13:56:04,eos,volatility,"eos在1d窗口内波动率为13.89%",2025-05-15 13:15:00,2025-05-15 13:29:59,0.77680000,13.89,0.00,0,0.00000000,0
2025-05-15 13:56:04,eos,volatility,"eos在1d窗口内波动率为13.89%",2025-05-15 13:15:00,2025-05-15 13:29:59,0.77680000,13.89,0.00,0,0.00000000,0
2025-05-15 13:56:04,etc,volatility,"etc在1d窗口内波动率为5.25%",2025-05-15 13:15:00,2025-05-15 13:29:59,19.55000000,5.25,0.00,0,0.00000000,0
2025-05-15 13:56:04,epic,volatility,"epic在1d窗口内波动率为20.12%",2025-05-15 13:15:00,2025-05-15 13:29:59,1.59000000,20.12,0.00,0,0.00000000,0
2025-05-15 13:56:04,epic,volatility,"epic在1d窗口内波动率为20.12%",2025-05-15 13:15:00,2025-05-15 13:29:59,1.59000000,20.12,0.00,0,0.00000000,0
2025-05-15 13:56:04,etc,volatility,"etc在1d窗口内波动率为5.25%",2025-05-15 13:15:00,2025-05-15 13:29:59,19.55000000,5.25,0.00,0,0.00000000,0
2025-05-15 13:56:04,farm,volatility,"farm在1d窗口内波动率为8.61%",2025-05-15 13:15:00,2025-05-15 13:29:59,33.70000000,8.61,0.00,0,0.00000000,0
2025-05-15 13:56:04,farm,volatility,"farm在1d窗口内波动率为8.61%",2025-05-15 13:15:00,2025-05-15 13:29:59,33.70000000,8.61,0.00,0,0.00000000,0
2025-05-15 13:56:04,ethfi,volatility,"ethfi在1d窗口内波动率为18.49%",2025-05-15 13:15:00,2025-05-15 13:29:59,1.32200000,18.49,0.00,0,0.00000000,0
2025-05-15 13:56:04,ethfi,volatility,"ethfi在1d窗口内波动率为18.49%",2025-05-15 13:15:00,2025-05-15 13:29:59,1.32200000,18.49,0.00,0,0.00000000,0
2025-05-15 13:56:04,fio,volatility,"fio在1d窗口内波动率为9.06%",2025-05-15 13:15:00,2025-05-15 13:29:59,0.01934000,9.06,0.00,0,0.00000000,0
2025-05-15 13:56:04,fida,volatility,"fida在1d窗口内波动率为12.44%",2025-05-15 13:15:00,2025-05-15 13:29:59,0.09860000,12.44,0.00,0,0.00000000,0
2025-05-15 13:56:04,fida,volatility,"fida在1d窗口内波动率为12.44%",2025-05-15 13:15:00,2025-05-15 13:29:59,0.09860000,12.44,0.00,0,0.00000000,0
2025-05-15 13:56:04,fio,volatility,"fio在1d窗口内波动率为9.06%",2025-05-15 13:15:00,2025-05-15 13:29:59,0.01934000,9.06,0.00,0,0.00000000,0
2025-05-15 13:56:04,form,volatility,"form在1d窗口内波动率为9.80%",2025-05-15 13:15:00,2025-05-15 13:29:59,2.67280000,9.80,0.00,0,0.00000000,0
2025-05-15 13:56:04,form,volatility,"form在1d窗口内波动率为9.80%",2025-05-15 13:15:00,2025-05-15 13:29:59,2.67280000,9.80,0.00,0,0.00000000,0
2025-05-15 13:56:04,ftt,volatility,"ftt在1d窗口内波动率为16.25%",2025-05-15 13:15:00,2025-05-15 13:29:59,1.20030000,16.25,0.00,0,0.00000000,0
2025-05-15 13:56:04,fxs,ma_trend,"fxs的MA81趋势向上",2025-05-15 10:30:00,2025-05-15 10:44:59,0.00000000,0.00,0.00,81,3.10634568,20
2025-05-15 13:56:04,ftt,ma_trend,"ftt的MA81趋势向上",2025-05-15 13:15:00,2025-05-15 13:29:59,0.00000000,0.00,0.00,81,1.17642840,20
2025-05-15 13:56:04,ftt,volatility,"ftt在1d窗口内波动率为16.25%",2025-05-15 13:15:00,2025-05-15 13:29:59,1.20030000,16.25,0.00,0,0.00000000,0
2025-05-15 13:56:04,ftt,ma_trend,"ftt的MA81趋势向上",2025-05-15 13:15:00,2025-05-15 13:29:59,0.00000000,0.00,0.00,81,1.17642840,20
2025-05-15 13:56:04,ghst,volatility,"ghst在1d窗口内波动率为9.31%",2025-05-15 13:15:00,2025-05-15 13:29:59,0.57300000,9.31,0.00,0,0.00000000,0
2025-05-15 13:56:04,fxs,volatility,"fxs在1d窗口内波动率为13.52%",2025-05-15 10:30:00,2025-05-15 10:44:59,3.19500000,13.52,0.00,0,0.00000000,0
2025-05-15 13:56:04,fxs,ma_trend,"fxs的MA81趋势向上",2025-05-15 10:30:00,2025-05-15 10:44:59,0.00000000,0.00,0.00,81,3.10634568,20
2025-05-15 13:56:04,fxs,volatility,"fxs在1d窗口内波动率为13.52%",2025-05-15 10:30:00,2025-05-15 10:44:59,3.19500000,13.52,0.00,0,0.00000000,0
2025-05-15 13:56:04,ghst,volatility,"ghst在1d窗口内波动率为9.31%",2025-05-15 13:15:00,2025-05-15 13:29:59,0.57300000,9.31,0.00,0,0.00000000,0
2025-05-15 13:56:04,glm,volatility,"glm在1d窗口内波动率为9.48%",2025-05-15 13:15:00,2025-05-15 13:29:59,0.28680000,9.48,0.00,0,0.00000000,0
2025-05-15 13:56:04,glm,volatility,"glm在1d窗口内波动率为9.48%",2025-05-15 13:15:00,2025-05-15 13:29:59,0.28680000,9.48,0.00,0,0.00000000,0
2025-05-15 13:56:04,gmx,volatility,"gmx在1d窗口内波动率为10.85%",2025-05-15 13:15:00,2025-05-15 13:29:59,16.09000000,10.85,0.00,0,0.00000000,0
2025-05-15 13:56:04,gmx,volatility,"gmx在1d窗口内波动率为10.85%",2025-05-15 13:15:00,2025-05-15 13:29:59,16.09000000,10.85,0.00,0,0.00000000,0
2025-05-15 13:56:04,gno,volatility,"gno在1d窗口内波动率为5.58%",2025-05-15 13:15:00,2025-05-15 13:29:59,137.70000000,5.58,0.00,0,0.00000000,0
2025-05-15 13:56:04,gno,volatility,"gno在1d窗口内波动率为5.58%",2025-05-15 13:15:00,2025-05-15 13:29:59,137.70000000,5.58,0.00,0,0.00000000,0
2025-05-15 13:56:04,gmt,volatility,"gmt在1d窗口内波动率为8.54%",2025-05-15 13:15:00,2025-05-15 13:29:59,0.06290000,8.54,0.00,0,0.00000000,0
2025-05-15 13:56:04,gmt,volatility,"gmt在1d窗口内波动率为8.54%",2025-05-15 13:15:00,2025-05-15 13:29:59,0.06290000,8.54,0.00,0,0.00000000,0
2025-05-15 13:56:04,gtc,volatility,"gtc在1d窗口内波动率为9.95%",2025-05-15 13:15:00,2025-05-15 13:29:59,0.33600000,9.95,0.00,0,0.00000000,0
2025-05-15 13:56:04,grt,volatility,"grt在1d窗口内波动率为7.55%",2025-05-15 13:15:00,2025-05-15 13:29:59,0.11870000,7.55,0.00,0,0.00000000,0
2025-05-15 13:56:04,grt,volatility,"grt在1d窗口内波动率为7.55%",2025-05-15 13:15:00,2025-05-15 13:29:59,0.11870000,7.55,0.00,0,0.00000000,0
2025-05-15 13:56:04,gtc,volatility,"gtc在1d窗口内波动率为9.95%",2025-05-15 13:15:00,2025-05-15 13:29:59,0.33600000,9.95,0.00,0,0.00000000,0
2025-05-15 13:56:04,hifi,volatility,"hifi在1d窗口内波动率为12.05%",2025-05-15 13:15:00,2025-05-15 13:29:59,0.12130000,12.05,0.00,0,0.00000000,0
2025-05-15 13:56:04,hifi,volatility,"hifi在1d窗口内波动率为12.05%",2025-05-15 13:15:00,2025-05-15 13:29:59,0.12130000,12.05,0.00,0,0.00000000,0
2025-05-15 13:56:04,hyper,volatility,"hyper在1d窗口内波动率为9.59%",2025-05-15 13:15:00,2025-05-15 13:29:59,0.16150000,9.59,0.00,0,0.00000000,0
2025-05-15 13:56:04,hyper,volatility,"hyper在1d窗口内波动率为9.59%",2025-05-15 13:15:00,2025-05-15 13:29:59,0.16150000,9.59,0.00,0,0.00000000,0
2025-05-15 13:56:04,hmstr,volatility,"hmstr在1d窗口内波动率为7.62%",2025-05-15 13:15:00,2025-05-15 13:29:59,0.00247100,7.62,0.00,0,0.00000000,0
2025-05-15 13:56:04,hmstr,volatility,"hmstr在1d窗口内波动率为7.62%",2025-05-15 13:15:00,2025-05-15 13:29:59,0.00247100,7.62,0.00,0,0.00000000,0
2025-05-15 13:56:04,idex,volatility,"idex在1d窗口内波动率为8.32%",2025-05-15 13:15:00,2025-05-15 13:29:59,0.02683000,8.32,0.00,0,0.00000000,0
2025-05-15 13:56:04,icp,volatility,"icp在1d窗口内波动率为7.21%",2025-05-15 13:15:00,2025-05-15 13:29:59,5.56400000,7.21,0.00,0,0.00000000,0
2025-05-15 13:56:04,icp,volatility,"icp在1d窗口内波动率为7.21%",2025-05-15 13:15:00,2025-05-15 13:29:59,5.56400000,7.21,0.00,0,0.00000000,0
2025-05-15 13:56:04,icx,volatility,"icx在1d窗口内波动率为7.07%",2025-05-15 13:15:00,2025-05-15 13:29:59,0.10770000,7.07,0.00,0,0.00000000,0
2025-05-15 13:56:04,icx,volatility,"icx在1d窗口内波动率为7.07%",2025-05-15 13:15:00,2025-05-15 13:29:59,0.10770000,7.07,0.00,0,0.00000000,0
2025-05-15 13:56:04,idex,volatility,"idex在1d窗口内波动率为8.32%",2025-05-15 13:15:00,2025-05-15 13:29:59,0.02683000,8.32,0.00,0,0.00000000,0
2025-05-15 13:56:04,init,volatility,"init在1d窗口内波动率为16.18%",2025-05-15 13:15:00,2025-05-15 13:29:59,1.09300000,16.18,0.00,0,0.00000000,0
2025-05-15 13:56:04,imx,volatility,"imx在1d窗口内波动率为9.78%",2025-05-15 13:15:00,2025-05-15 13:29:59,0.69100000,9.78,0.00,0,0.00000000,0
2025-05-15 13:56:04,imx,volatility,"imx在1d窗口内波动率为9.78%",2025-05-15 13:15:00,2025-05-15 13:29:59,0.69100000,9.78,0.00,0,0.00000000,0
2025-05-15 13:56:04,init,volatility,"init在1d窗口内波动率为16.18%",2025-05-15 13:15:00,2025-05-15 13:29:59,1.09300000,16.18,0.00,0,0.00000000,0
2025-05-15 13:56:04,io,volatility,"io在1d窗口内波动率为10.81%",2025-05-15 13:15:00,2025-05-15 13:29:59,1.04400000,10.81,0.00,0,0.00000000,0
2025-05-15 13:56:04,io,volatility,"io在1d窗口内波动率为10.81%",2025-05-15 13:15:00,2025-05-15 13:29:59,1.04400000,10.81,0.00,0,0.00000000,0
2025-05-15 13:56:04,iq,volatility,"iq在1d窗口内波动率为5.52%",2025-05-15 13:15:00,2025-05-15 13:29:59,0.00447900,5.52,0.00,0,0.00000000,0
2025-05-15 13:56:04,iota,volatility,"iota在1d窗口内波动率为8.82%",2025-05-15 13:15:00,2025-05-15 13:29:59,0.23540000,8.82,0.00,0,0.00000000,0
2025-05-15 13:56:04,iota,volatility,"iota在1d窗口内波动率为8.82%",2025-05-15 13:15:00,2025-05-15 13:29:59,0.23540000,8.82,0.00,0,0.00000000,0
2025-05-15 13:56:04,iq,volatility,"iq在1d窗口内波动率为5.52%",2025-05-15 13:15:00,2025-05-15 13:29:59,0.00447900,5.52,0.00,0,0.00000000,0
2025-05-15 13:56:04,jasmy,volatility,"jasmy在1d窗口内波动率为10.49%",2025-05-15 13:15:00,2025-05-15 13:29:59,0.01902000,10.49,0.00,0,0.00000000,0
2025-05-15 13:56:04,jasmy,volatility,"jasmy在1d窗口内波动率为10.49%",2025-05-15 13:15:00,2025-05-15 13:29:59,0.01902000,10.49,0.00,0,0.00000000,0
2025-05-15 13:56:04,jto,volatility,"jto在1d窗口内波动率为9.70%",2025-05-15 13:15:00,2025-05-15 13:29:59,1.99900000,9.70,0.00,0,0.00000000,0
2025-05-15 13:56:04,jto,volatility,"jto在1d窗口内波动率为9.70%",2025-05-15 13:15:00,2025-05-15 13:29:59,1.99900000,9.70,0.00,0,0.00000000,0
2025-05-15 13:56:04,jst,volatility,"jst在1d窗口内波动率为4.60%",2025-05-15 13:15:00,2025-05-15 13:29:59,0.03704000,4.60,0.00,0,0.00000000,0
2025-05-15 13:56:04,jst,volatility,"jst在1d窗口内波动率为4.60%",2025-05-15 13:15:00,2025-05-15 13:29:59,0.03704000,4.60,0.00,0,0.00000000,0
2025-05-15 13:56:04,kmd,volatility,"kmd在1d窗口内波动率为7.14%",2025-05-15 13:15:00,2025-05-15 13:29:59,0.15220000,7.14,0.00,0,0.00000000,0
2025-05-15 13:56:04,kmd,volatility,"kmd在1d窗口内波动率为7.14%",2025-05-15 13:15:00,2025-05-15 13:29:59,0.15220000,7.14,0.00,0,0.00000000,0
2025-05-15 13:56:04,kernel,volatility,"kernel在1d窗口内波动率为15.55%",2025-05-15 13:15:00,2025-05-15 13:29:59,0.16750000,15.55,0.00,0,0.00000000,0
2025-05-15 13:56:04,kernel,volatility,"kernel在1d窗口内波动率为15.55%",2025-05-15 13:15:00,2025-05-15 13:29:59,0.16750000,15.55,0.00,0,0.00000000,0
2025-05-15 13:56:04,kmno,volatility,"kmno在1d窗口内波动率为15.89%",2025-05-15 13:15:00,2025-05-15 13:29:59,0.06464000,15.89,0.00,0,0.00000000,0
2025-05-15 13:56:04,kmno,volatility,"kmno在1d窗口内波动率为15.89%",2025-05-15 13:15:00,2025-05-15 13:29:59,0.06464000,15.89,0.00,0,0.00000000,0
2025-05-15 13:56:04,link,volatility,"link在1d窗口内波动率为6.75%",2025-05-15 13:15:00,2025-05-15 13:29:59,16.71000000,6.75,0.00,0,0.00000000,0
2025-05-15 13:56:04,lazio,volatility,"lazio在1d窗口内波动率为5.71%",2025-05-14 16:30:00,2025-05-14 16:44:59,1.10900000,5.71,0.00,0,0.00000000,0
2025-05-15 13:56:04,lazio,volatility,"lazio在1d窗口内波动率为5.71%",2025-05-14 16:30:00,2025-05-14 16:44:59,1.10900000,5.71,0.00,0,0.00000000,0
2025-05-15 13:56:04,link,volatility,"link在1d窗口内波动率为6.75%",2025-05-15 13:15:00,2025-05-15 13:29:59,16.71000000,6.75,0.00,0,0.00000000,0
2025-05-15 13:56:04,lever,volatility,"lever在1d窗口内波动率为9.37%",2025-05-15 13:15:00,2025-05-15 13:29:59,0.00059300,9.37,0.00,0,0.00000000,0
2025-05-15 13:56:04,lever,volatility,"lever在1d窗口内波动率为9.37%",2025-05-15 13:15:00,2025-05-15 13:29:59,0.00059300,9.37,0.00,0,0.00000000,0
2025-05-15 13:56:04,lqty,volatility,"lqty在1d窗口内波动率为12.12%",2025-05-15 13:15:00,2025-05-15 13:29:59,1.03500000,12.12,0.00,0,0.00000000,0
2025-05-15 13:56:04,loka,volatility,"loka在1d窗口内波动率为10.19%",2025-05-15 13:15:00,2025-05-15 13:29:59,0.09530000,10.19,0.00,0,0.00000000,0
2025-05-15 13:56:04,loka,volatility,"loka在1d窗口内波动率为10.19%",2025-05-15 13:15:00,2025-05-15 13:29:59,0.09530000,10.19,0.00,0,0.00000000,0
2025-05-15 13:56:04,lpt,volatility,"lpt在1d窗口内波动率为10.71%",2025-05-15 13:15:00,2025-05-15 13:29:59,6.00100000,10.71,0.00,0,0.00000000,0
2025-05-15 13:56:04,lqty,volatility,"lqty在1d窗口内波动率为12.12%",2025-05-15 13:15:00,2025-05-15 13:29:59,1.03500000,12.12,0.00,0,0.00000000,0
2025-05-15 13:56:04,lpt,volatility,"lpt在1d窗口内波动率为10.71%",2025-05-15 13:15:00,2025-05-15 13:29:59,6.00100000,10.71,0.00,0,0.00000000,0
2025-05-15 13:56:04,ltc,volatility,"ltc在1d窗口内波动率为6.40%",2025-05-15 13:15:00,2025-05-15 13:29:59,99.28000000,6.40,0.00,0,0.00000000,0
2025-05-15 13:56:04,ltc,volatility,"ltc在1d窗口内波动率为6.40%",2025-05-15 13:15:00,2025-05-15 13:29:59,99.28000000,6.40,0.00,0,0.00000000,0
2025-05-15 13:56:04,lumia,volatility,"lumia在1d窗口内波动率为15.86%",2025-05-15 13:15:00,2025-05-15 13:29:59,0.39600000,15.86,0.00,0,0.00000000,0
2025-05-15 13:56:04,lto,volatility,"lto在1d窗口内波动率为10.20%",2025-05-15 13:15:00,2025-05-15 13:29:59,0.04140000,10.20,0.00,0,0.00000000,0
2025-05-15 13:56:04,lumia,volatility,"lumia在1d窗口内波动率为15.86%",2025-05-15 13:15:00,2025-05-15 13:29:59,0.39600000,15.86,0.00,0,0.00000000,0
2025-05-15 13:56:04,lsk,volatility,"lsk在1d窗口内波动率为7.52%",2025-05-15 13:15:00,2025-05-15 13:29:59,0.55200000,7.52,0.00,0,0.00000000,0
2025-05-15 13:56:04,lto,volatility,"lto在1d窗口内波动率为10.20%",2025-05-15 13:15:00,2025-05-15 13:29:59,0.04140000,10.20,0.00,0,0.00000000,0
2025-05-15 13:56:04,lsk,volatility,"lsk在1d窗口内波动率为7.52%",2025-05-15 13:15:00,2025-05-15 13:29:59,0.55200000,7.52,0.00,0,0.00000000,0
2025-05-15 13:56:04,lunc,volatility,"lunc在1d窗口内波动率为7.20%",2025-05-15 13:15:00,2025-05-15 13:29:59,0.00006663,7.20,0.00,0,0.00000000,0
2025-05-15 13:56:04,lunc,volatility,"lunc在1d窗口内波动率为7.20%",2025-05-15 13:15:00,2025-05-15 13:29:59,0.00006663,7.20,0.00,0,0.00000000,0
2025-05-15 13:56:04,magic,volatility,"magic在1d窗口内波动率为14.94%",2025-05-15 13:15:00,2025-05-15 13:29:59,0.18090000,14.94,0.00,0,0.00000000,0
2025-05-15 13:56:04,magic,volatility,"magic在1d窗口内波动率为14.94%",2025-05-15 13:15:00,2025-05-15 13:29:59,0.18090000,14.94,0.00,0,0.00000000,0
2025-05-15 13:56:04,me,volatility,"me在1d窗口内波动率为9.53%",2025-05-15 13:15:00,2025-05-15 13:29:59,1.07200000,9.53,0.00,0,0.00000000,0
2025-05-15 13:56:04,me,volatility,"me在1d窗口内波动率为9.53%",2025-05-15 13:15:00,2025-05-15 13:29:59,1.07200000,9.53,0.00,0,0.00000000,0
2025-05-15 13:56:04,mdt,volatility,"mdt在1d窗口内波动率为8.36%",2025-05-15 13:15:00,2025-05-15 13:29:59,0.03215000,8.36,0.00,0,0.00000000,0
2025-05-15 13:56:04,metis,volatility,"metis在1d窗口内波动率为10.62%",2025-05-15 13:15:00,2025-05-15 13:29:59,21.70000000,10.62,0.00,0,0.00000000,0
2025-05-15 13:56:04,mdt,volatility,"mdt在1d窗口内波动率为8.36%",2025-05-15 13:15:00,2025-05-15 13:29:59,0.03215000,8.36,0.00,0,0.00000000,0
2025-05-15 13:56:04,metis,volatility,"metis在1d窗口内波动率为10.62%",2025-05-15 13:15:00,2025-05-15 13:29:59,21.70000000,10.62,0.00,0,0.00000000,0
2025-05-15 13:56:04,mln,volatility,"mln在1d窗口内波动率为6.65%",2025-05-15 13:15:00,2025-05-15 13:29:59,9.24000000,6.65,0.00,0,0.00000000,0
2025-05-15 13:56:04,mln,volatility,"mln在1d窗口内波动率为6.65%",2025-05-15 13:15:00,2025-05-15 13:29:59,9.24000000,6.65,0.00,0,0.00000000,0
2025-05-15 13:56:04,mkr,volatility,"mkr在1d窗口内波动率为7.03%",2025-05-15 13:15:00,2025-05-15 13:29:59,1846.00000000,7.03,0.00,0,0.00000000,0
2025-05-15 13:56:04,mkr,volatility,"mkr在1d窗口内波动率为7.03%",2025-05-15 13:15:00,2025-05-15 13:29:59,1846.00000000,7.03,0.00,0,0.00000000,0
2025-05-15 13:56:04,move,volatility,"move在1d窗口内波动率为10.17%",2025-05-15 13:15:00,2025-05-15 13:29:59,0.21670000,10.17,0.00,0,0.00000000,0
2025-05-15 13:56:04,mtl,volatility,"mtl在1d窗口内波动率为7.16%",2025-05-15 13:15:00,2025-05-15 13:29:59,0.87000000,7.16,0.00,0,0.00000000,0
2025-05-15 13:56:04,move,volatility,"move在1d窗口内波动率为10.17%",2025-05-15 13:15:00,2025-05-15 13:29:59,0.21670000,10.17,0.00,0,0.00000000,0
2025-05-15 13:56:04,mtl,volatility,"mtl在1d窗口内波动率为7.16%",2025-05-15 13:15:00,2025-05-15 13:29:59,0.87000000,7.16,0.00,0,0.00000000,0
2025-05-15 13:56:04,neo,volatility,"neo在1d窗口内波动率为7.10%",2025-05-15 13:15:00,2025-05-15 13:29:59,6.90000000,7.10,0.00,0,0.00000000,0
2025-05-15 13:56:04,neo,volatility,"neo在1d窗口内波动率为7.10%",2025-05-15 13:15:00,2025-05-15 13:29:59,6.90000000,7.10,0.00,0,0.00000000,0
2025-05-15 13:56:04,og,volatility,"og在1d窗口内波动率为9.63%",2025-05-15 13:15:00,2025-05-15 13:29:59,5.33700000,9.63,0.00,0,0.00000000,0
2025-05-15 13:56:04,ogn,volatility,"ogn在1d窗口内波动率为7.35%",2025-05-15 13:15:00,2025-05-15 13:29:59,0.06910000,7.35,0.00,0,0.00000000,0
2025-05-15 13:56:04,ogn,volatility,"ogn在1d窗口内波动率为7.35%",2025-05-15 13:15:00,2025-05-15 13:29:59,0.06910000,7.35,0.00,0,0.00000000,0
2025-05-15 13:56:04,og,volatility,"og在1d窗口内波动率为9.63%",2025-05-15 13:15:00,2025-05-15 13:29:59,5.33700000,9.63,0.00,0,0.00000000,0
2025-05-15 13:56:04,ong,volatility,"ong在1d窗口内波动率为6.97%",2025-05-15 13:15:00,2025-05-15 13:29:59,0.22270000,6.97,0.00,0,0.00000000,0
2025-05-15 13:56:04,ondo,volatility,"ondo在1d窗口内波动率为17.22%",2025-05-15 13:15:00,2025-05-15 13:29:59,0.99710000,17.22,0.00,0,0.00000000,0
2025-05-15 13:56:04,ong,volatility,"ong在1d窗口内波动率为6.97%",2025-05-15 13:15:00,2025-05-15 13:29:59,0.22270000,6.97,0.00,0,0.00000000,0
2025-05-15 13:56:04,ondo,volatility,"ondo在1d窗口内波动率为17.22%",2025-05-15 13:15:00,2025-05-15 13:29:59,0.99710000,17.22,0.00,0,0.00000000,0
2025-05-15 13:56:04,ont,volatility,"ont在1d窗口内波动率为6.88%",2025-05-15 13:15:00,2025-05-15 13:29:59,0.16000000,6.88,0.00,0,0.00000000,0
2025-05-15 13:56:04,ont,volatility,"ont在1d窗口内波动率为6.88%",2025-05-15 13:15:00,2025-05-15 13:29:59,0.16000000,6.88,0.00,0,0.00000000,0
2025-05-15 13:56:04,osmo,volatility,"osmo在1d窗口内波动率为5.72%",2025-05-15 13:15:00,2025-05-15 13:29:59,0.25020000,5.72,0.00,0,0.00000000,0
2025-05-15 13:56:04,osmo,volatility,"osmo在1d窗口内波动率为5.72%",2025-05-15 13:15:00,2025-05-15 13:29:59,0.25020000,5.72,0.00,0,0.00000000,0
2025-05-15 13:56:04,parti,volatility,"parti在1d窗口内波动率为10.89%",2025-05-15 13:15:00,2025-05-15 13:29:59,0.34000000,10.89,0.00,0,0.00000000,0
2025-05-15 13:56:04,parti,volatility,"parti在1d窗口内波动率为10.89%",2025-05-15 13:15:00,2025-05-15 13:29:59,0.34000000,10.89,0.00,0,0.00000000,0
2025-05-15 13:56:04,pivx,volatility,"pivx在1d窗口内波动率为8.74%",2025-05-15 13:15:00,2025-05-15 13:29:59,0.16870000,8.74,0.00,0,0.00000000,0
2025-05-15 13:56:04,pivx,volatility,"pivx在1d窗口内波动率为8.74%",2025-05-15 13:15:00,2025-05-15 13:29:59,0.16870000,8.74,0.00,0,0.00000000,0
2025-05-15 13:56:04,pixel,volatility,"pixel在1d窗口内波动率为13.33%",2025-05-15 13:15:00,2025-05-15 13:29:59,0.05664000,13.33,0.00,0,0.00000000,0
2025-05-15 13:56:04,pha,volatility,"pha在1d窗口内波动率为15.37%",2025-05-15 13:15:00,2025-05-15 13:29:59,0.14150000,15.37,0.00,0,0.00000000,0
2025-05-15 13:56:04,pha,volatility,"pha在1d窗口内波动率为15.37%",2025-05-15 13:15:00,2025-05-15 13:29:59,0.14150000,15.37,0.00,0,0.00000000,0
2025-05-15 13:56:04,pixel,volatility,"pixel在1d窗口内波动率为13.33%",2025-05-15 13:15:00,2025-05-15 13:29:59,0.05664000,13.33,0.00,0,0.00000000,0
2025-05-15 13:56:04,pnut,volatility,"pnut在1d窗口内波动率为19.58%",2025-05-15 13:15:00,2025-05-15 13:29:59,0.38920000,19.58,0.00,0,0.00000000,0
2025-05-15 13:56:04,pnut,volatility,"pnut在1d窗口内波动率为19.58%",2025-05-15 13:15:00,2025-05-15 13:29:59,0.38920000,19.58,0.00,0,0.00000000,0
2025-05-15 13:56:04,polyx,volatility,"polyx在1d窗口内波动率为9.48%",2025-05-15 13:15:00,2025-05-15 13:29:59,0.18190000,9.48,0.00,0,0.00000000,0
2025-05-15 13:56:04,polyx,volatility,"polyx在1d窗口内波动率为9.48%",2025-05-15 13:15:00,2025-05-15 13:29:59,0.18190000,9.48,0.00,0,0.00000000,0
2025-05-15 13:56:04,porto,volatility,"porto在1d窗口内波动率为5.68%",2025-05-15 13:15:00,2025-05-15 13:29:59,1.14200000,5.68,0.00,0,0.00000000,0
2025-05-15 13:56:04,porto,volatility,"porto在1d窗口内波动率为5.68%",2025-05-15 13:15:00,2025-05-15 13:29:59,1.14200000,5.68,0.00,0,0.00000000,0
2025-05-15 13:56:04,pond,volatility,"pond在1d窗口内波动率为6.16%",2025-05-15 13:15:00,2025-05-15 13:29:59,0.01051000,6.16,0.00,0,0.00000000,0
2025-05-15 13:56:04,pond,volatility,"pond在1d窗口内波动率为6.16%",2025-05-15 13:15:00,2025-05-15 13:29:59,0.01051000,6.16,0.00,0,0.00000000,0
2025-05-15 13:56:04,powr,volatility,"powr在1d窗口内波动率为7.01%",2025-05-15 13:15:00,2025-05-15 13:29:59,0.19200000,7.01,0.00,0,0.00000000,0
2025-05-15 13:56:04,powr,volatility,"powr在1d窗口内波动率为7.01%",2025-05-15 13:15:00,2025-05-15 13:29:59,0.19200000,7.01,0.00,0,0.00000000,0
2025-05-15 13:56:04,psg,ma_trend,"psg的MA81趋势向上",2025-05-15 13:15:00,2025-05-15 13:29:59,0.00000000,0.00,0.00,81,2.53837037,20
2025-05-15 13:56:04,psg,volatility,"psg在1d窗口内波动率为13.74%",2025-05-15 13:15:00,2025-05-15 13:29:59,2.71300000,13.74,0.00,0,0.00000000,0
2025-05-15 13:56:04,psg,ma_trend,"psg的MA81趋势向上",2025-05-15 13:15:00,2025-05-15 13:29:59,0.00000000,0.00,0.00,81,2.53837037,20
2025-05-15 13:56:04,psg,volatility,"psg在1d窗口内波动率为13.74%",2025-05-15 13:15:00,2025-05-15 13:29:59,2.71300000,13.74,0.00,0,0.00000000,0
2025-05-15 13:56:04,qi,volatility,"qi在1d窗口内波动率为5.60%",2025-05-15 13:15:00,2025-05-15 13:29:59,0.00902000,5.60,0.00,0,0.00000000,0
2025-05-15 13:56:04,qi,volatility,"qi在1d窗口内波动率为5.60%",2025-05-15 13:15:00,2025-05-15 13:29:59,0.00902000,5.60,0.00,0,0.00000000,0
2025-05-15 13:56:04,pyth,volatility,"pyth在1d窗口内波动率为9.74%",2025-05-15 13:15:00,2025-05-15 13:29:59,0.17350000,9.74,0.00,0,0.00000000,0
2025-05-15 13:56:04,pyth,volatility,"pyth在1d窗口内波动率为9.74%",2025-05-15 13:15:00,2025-05-15 13:29:59,0.17350000,9.74,0.00,0,0.00000000,0
2025-05-15 13:56:04,quick,volatility,"quick在1d窗口内波动率为8.71%",2025-05-15 13:15:00,2025-05-15 13:29:59,0.02507000,8.71,0.00,0,0.00000000,0
2025-05-15 13:56:04,quick,volatility,"quick在1d窗口内波动率为8.71%",2025-05-15 13:15:00,2025-05-15 13:29:59,0.02507000,8.71,0.00,0,0.00000000,0
2025-05-15 13:56:04,ray,volatility,"ray在1d窗口内波动率为20.37%",2025-05-15 13:15:00,2025-05-15 13:29:59,3.35000000,20.37,0.00,0,0.00000000,0
2025-05-15 13:56:04,ray,volatility,"ray在1d窗口内波动率为20.37%",2025-05-15 13:15:00,2025-05-15 13:29:59,3.35000000,20.37,0.00,0,0.00000000,0
2025-05-15 13:56:04,rez,volatility,"rez在1d窗口内波动率为11.89%",2025-05-15 13:15:00,2025-05-15 13:29:59,0.01576000,11.89,0.00,0,0.00000000,0
2025-05-15 13:56:04,rei,volatility,"rei在1d窗口内波动率为8.63%",2025-05-15 13:15:00,2025-05-15 13:29:59,0.01919000,8.63,0.00,0,0.00000000,0
2025-05-15 13:56:04,rei,volatility,"rei在1d窗口内波动率为8.63%",2025-05-15 13:15:00,2025-05-15 13:29:59,0.01919000,8.63,0.00,0,0.00000000,0
2025-05-15 13:56:04,rif,volatility,"rif在1d窗口内波动率为16.95%",2025-05-15 13:15:00,2025-05-15 13:29:59,0.06320000,16.95,0.00,0,0.00000000,0
2025-05-15 13:56:04,rif,volatility,"rif在1d窗口内波动率为16.95%",2025-05-15 13:15:00,2025-05-15 13:29:59,0.06320000,16.95,0.00,0,0.00000000,0
2025-05-15 13:56:04,req,volatility,"req在1d窗口内波动率为5.68%",2025-05-15 13:15:00,2025-05-15 13:29:59,0.15460000,5.68,0.00,0,0.00000000,0
2025-05-15 13:56:04,req,volatility,"req在1d窗口内波动率为5.68%",2025-05-15 13:15:00,2025-05-15 13:29:59,0.15460000,5.68,0.00,0,0.00000000,0
2025-05-15 13:56:04,rez,volatility,"rez在1d窗口内波动率为11.89%",2025-05-15 13:15:00,2025-05-15 13:29:59,0.01576000,11.89,0.00,0,0.00000000,0
2025-05-15 13:56:04,rlc,volatility,"rlc在1d窗口内波动率为8.16%",2025-05-15 13:15:00,2025-05-15 13:29:59,1.29600000,8.16,0.00,0,0.00000000,0
2025-05-15 13:56:04,rlc,volatility,"rlc在1d窗口内波动率为8.16%",2025-05-15 13:15:00,2025-05-15 13:29:59,1.29600000,8.16,0.00,0,0.00000000,0
2025-05-15 13:56:04,rsr,volatility,"rsr在1d窗口内波动率为8.32%",2025-05-15 13:15:00,2025-05-15 13:29:59,0.00930100,8.32,0.00,0,0.00000000,0
2025-05-15 13:56:04,rose,volatility,"rose在1d窗口内波动率为11.19%",2025-05-15 13:15:00,2025-05-15 13:29:59,0.03838000,11.19,0.00,0,0.00000000,0
2025-05-15 13:56:04,rose,volatility,"rose在1d窗口内波动率为11.19%",2025-05-15 13:15:00,2025-05-15 13:29:59,0.03838000,11.19,0.00,0,0.00000000,0
2025-05-15 13:56:04,rsr,volatility,"rsr在1d窗口内波动率为8.32%",2025-05-15 13:15:00,2025-05-15 13:29:59,0.00930100,8.32,0.00,0,0.00000000,0
2025-05-15 13:56:04,sc,volatility,"sc在1d窗口内波动率为6.05%",2025-05-15 13:15:00,2025-05-15 13:29:59,0.00357600,6.05,0.00,0,0.00000000,0
2025-05-15 13:56:04,sc,volatility,"sc在1d窗口内波动率为6.05%",2025-05-15 13:15:00,2025-05-15 13:29:59,0.00357600,6.05,0.00,0,0.00000000,0
2025-05-15 13:56:04,shib,volatility,"shib在1d窗口内波动率为8.19%",2025-05-15 13:15:00,2025-05-15 13:29:59,0.00001544,8.19,0.00,0,0.00000000,0
2025-05-15 13:56:04,shib,volatility,"shib在1d窗口内波动率为8.19%",2025-05-15 13:15:00,2025-05-15 13:29:59,0.00001544,8.19,0.00,0,0.00000000,0
2025-05-15 13:56:04,shell,volatility,"shell在1d窗口内波动率为10.41%",2025-05-15 13:15:00,2025-05-15 13:29:59,0.22680000,10.41,0.00,0,0.00000000,0
2025-05-15 13:56:04,shell,volatility,"shell在1d窗口内波动率为10.41%",2025-05-15 13:15:00,2025-05-15 13:29:59,0.22680000,10.41,0.00,0,0.00000000,0
2025-05-15 13:56:04,slp,volatility,"slp在1d窗口内波动率为7.46%",2025-05-15 13:15:00,2025-05-15 13:29:59,0.00191100,7.46,0.00,0,0.00000000,0
2025-05-15 13:56:04,slp,volatility,"slp在1d窗口内波动率为7.46%",2025-05-15 13:15:00,2025-05-15 13:29:59,0.00191100,7.46,0.00,0,0.00000000,0
2025-05-15 13:56:04,snx,volatility,"snx在1d窗口内波动率为8.72%",2025-05-15 13:15:00,2025-05-15 13:29:59,0.87300000,8.72,0.00,0,0.00000000,0
2025-05-15 13:56:04,snx,volatility,"snx在1d窗口内波动率为8.72%",2025-05-15 13:15:00,2025-05-15 13:29:59,0.87300000,8.72,0.00,0,0.00000000,0
2025-05-15 13:56:04,sol,volatility,"sol在1d窗口内波动率为6.08%",2025-05-15 13:15:00,2025-05-15 13:29:59,174.36000000,6.08,0.00,0,0.00000000,0
2025-05-15 13:56:04,sol,volatility,"sol在1d窗口内波动率为6.08%",2025-05-15 13:15:00,2025-05-15 13:29:59,174.36000000,6.08,0.00,0,0.00000000,0
2025-05-15 13:56:04,ssv,volatility,"ssv在1d窗口内波动率为11.39%",2025-05-15 13:15:00,2025-05-15 13:29:59,9.61000000,11.39,0.00,0,0.00000000,0
2025-05-15 13:56:04,ssv,volatility,"ssv在1d窗口内波动率为11.39%",2025-05-15 13:15:00,2025-05-15 13:29:59,9.61000000,11.39,0.00,0,0.00000000,0
2025-05-15 13:56:04,solv,volatility,"solv在1d窗口内波动率为16.62%",2025-05-15 13:15:00,2025-05-15 13:29:59,0.04197000,16.62,0.00,0,0.00000000,0
2025-05-15 13:56:04,solv,volatility,"solv在1d窗口内波动率为16.62%",2025-05-15 13:15:00,2025-05-15 13:29:59,0.04197000,16.62,0.00,0,0.00000000,0
2025-05-15 13:56:04,steem,volatility,"steem在1d窗口内波动率为6.36%",2025-05-15 10:30:00,2025-05-15 10:44:59,0.15740000,6.36,0.00,0,0.00000000,0
2025-05-15 13:56:04,steem,volatility,"steem在1d窗口内波动率为6.36%",2025-05-15 10:30:00,2025-05-15 10:44:59,0.15740000,6.36,0.00,0,0.00000000,0
2025-05-15 13:56:04,sto,volatility,"sto在1d窗口内波动率为10.44%",2025-05-15 13:15:00,2025-05-15 13:29:59,0.12160000,10.44,0.00,0,0.00000000,0
2025-05-15 13:56:04,sto,volatility,"sto在1d窗口内波动率为10.44%",2025-05-15 13:15:00,2025-05-15 13:29:59,0.12160000,10.44,0.00,0,0.00000000,0
2025-05-15 13:56:04,stpt,volatility,"stpt在1d窗口内波动率为11.60%",2025-05-15 13:15:00,2025-05-15 13:29:59,0.07222000,11.60,0.00,0,0.00000000,0
2025-05-15 13:56:04,stpt,volatility,"stpt在1d窗口内波动率为11.60%",2025-05-15 13:15:00,2025-05-15 13:29:59,0.07222000,11.60,0.00,0,0.00000000,0
2025-05-15 13:56:04,strk,volatility,"strk在1d窗口内波动率为9.17%",2025-05-15 13:15:00,2025-05-15 13:29:59,0.17240000,9.17,0.00,0,0.00000000,0
2025-05-15 13:56:04,strk,volatility,"strk在1d窗口内波动率为9.17%",2025-05-15 13:15:00,2025-05-15 13:29:59,0.17240000,9.17,0.00,0,0.00000000,0
2025-05-15 13:56:04,stx,volatility,"stx在1d窗口内波动率为8.34%",2025-05-15 13:15:00,2025-05-15 13:29:59,0.90500000,8.34,0.00,0,0.00000000,0
2025-05-15 13:56:04,stx,volatility,"stx在1d窗口内波动率为8.34%",2025-05-15 13:15:00,2025-05-15 13:29:59,0.90500000,8.34,0.00,0,0.00000000,0
2025-05-15 13:56:04,sxt,volatility,"sxt在1d窗口内波动率为18.14%",2025-05-15 13:15:00,2025-05-15 13:29:59,0.14540000,18.14,0.00,0,0.00000000,0
2025-05-15 13:56:04,sushi,volatility,"sushi在1d窗口内波动率为10.21%",2025-05-15 13:15:00,2025-05-15 13:29:59,0.80200000,10.21,0.00,0,0.00000000,0
2025-05-15 13:56:04,sushi,volatility,"sushi在1d窗口内波动率为10.21%",2025-05-15 13:15:00,2025-05-15 13:29:59,0.80200000,10.21,0.00,0,0.00000000,0
2025-05-15 13:56:04,syrup,volatility,"syrup在1d窗口内波动率为23.16%",2025-05-15 13:15:00,2025-05-15 13:29:59,0.30010000,23.16,0.00,0,0.00000000,0
2025-05-15 13:56:04,sxt,volatility,"sxt在1d窗口内波动率为18.14%",2025-05-15 13:15:00,2025-05-15 13:29:59,0.14540000,18.14,0.00,0,0.00000000,0
2025-05-15 13:56:04,syrup,volatility,"syrup在1d窗口内波动率为23.16%",2025-05-15 13:15:00,2025-05-15 13:29:59,0.30010000,23.16,0.00,0,0.00000000,0
2025-05-15 13:56:04,tko,volatility,"tko在1d窗口内波动率为5.72%",2025-05-15 13:15:00,2025-05-15 13:29:59,0.18230000,5.72,0.00,0,0.00000000,0
2025-05-15 13:56:04,theta,volatility,"theta在1d窗口内波动率为8.13%",2025-05-15 13:15:00,2025-05-15 13:29:59,0.95900000,8.13,0.00,0,0.00000000,0
2025-05-15 13:56:04,tko,volatility,"tko在1d窗口内波动率为5.72%",2025-05-15 13:15:00,2025-05-15 13:29:59,0.18230000,5.72,0.00,0,0.00000000,0
2025-05-15 13:56:04,the,ma_trend,"the的MA81趋势向上",2025-05-14 16:30:00,2025-05-14 16:44:59,0.00000000,0.00,0.00,81,0.36564444,20
2025-05-15 13:56:04,theta,volatility,"theta在1d窗口内波动率为8.13%",2025-05-15 13:15:00,2025-05-15 13:29:59,0.95900000,8.13,0.00,0,0.00000000,0
2025-05-15 13:56:04,the,volatility,"the在1d窗口内波动率为12.68%",2025-05-14 16:30:00,2025-05-14 16:44:59,0.39980000,12.68,0.00,0,0.00000000,0
2025-05-15 13:56:04,the,ma_trend,"the的MA81趋势向上",2025-05-14 16:30:00,2025-05-14 16:44:59,0.00000000,0.00,0.00,81,0.36564444,20
2025-05-15 13:56:04,the,volatility,"the在1d窗口内波动率为12.68%",2025-05-14 16:30:00,2025-05-14 16:44:59,0.39980000,12.68,0.00,0,0.00000000,0
2025-05-15 13:56:04,trb,volatility,"trb在1d窗口内波动率为9.48%",2025-05-15 13:15:00,2025-05-15 13:29:59,34.14000000,9.48,0.00,0,0.00000000,0
2025-05-15 13:56:04,trb,volatility,"trb在1d窗口内波动率为9.48%",2025-05-15 13:15:00,2025-05-15 13:29:59,34.14000000,9.48,0.00,0,0.00000000,0
2025-05-15 13:56:04,tut,volatility,"tut在1d窗口内波动率为14.26%",2025-05-15 13:15:00,2025-05-15 13:29:59,0.03014000,14.26,0.00,0,0.00000000,0
2025-05-15 13:56:04,tut,volatility,"tut在1d窗口内波动率为14.26%",2025-05-15 13:15:00,2025-05-15 13:29:59,0.03014000,14.26,0.00,0,0.00000000,0
2025-05-15 13:56:04,turbo,volatility,"turbo在1d窗口内波动率为11.32%",2025-05-15 13:15:00,2025-05-15 13:29:59,0.00562400,11.32,0.00,0,0.00000000,0
2025-05-15 13:56:04,turbo,volatility,"turbo在1d窗口内波动率为11.32%",2025-05-15 13:15:00,2025-05-15 13:29:59,0.00562400,11.32,0.00,0,0.00000000,0
2025-05-15 13:56:04,twt,volatility,"twt在1d窗口内波动率为7.09%",2025-05-15 10:30:00,2025-05-15 10:44:59,0.86060000,7.09,0.00,0,0.00000000,0
2025-05-15 13:56:04,twt,volatility,"twt在1d窗口内波动率为7.09%",2025-05-15 10:30:00,2025-05-15 10:44:59,0.86060000,7.09,0.00,0,0.00000000,0
2025-05-15 13:56:04,uni,volatility,"uni在1d窗口内波动率为7.19%",2025-05-15 13:15:00,2025-05-15 13:29:59,6.59300000,7.19,0.00,0,0.00000000,0
2025-05-15 13:56:04,uni,volatility,"uni在1d窗口内波动率为7.19%",2025-05-15 13:15:00,2025-05-15 13:29:59,6.59300000,7.19,0.00,0,0.00000000,0
2025-05-15 13:56:04,utk,volatility,"utk在1d窗口内波动率为7.62%",2025-05-15 13:15:00,2025-05-15 13:29:59,0.03637000,7.62,0.00,0,0.00000000,0
2025-05-15 13:56:04,utk,volatility,"utk在1d窗口内波动率为7.62%",2025-05-15 13:15:00,2025-05-15 13:29:59,0.03637000,7.62,0.00,0,0.00000000,0
2025-05-15 13:56:04,vet,volatility,"vet在1d窗口内波动率为7.84%",2025-05-15 13:15:00,2025-05-15 13:29:59,0.02973000,7.84,0.00,0,0.00000000,0
2025-05-15 13:56:04,vana,volatility,"vana在1d窗口内波动率为8.78%",2025-05-15 13:15:00,2025-05-15 13:29:59,6.29700000,8.78,0.00,0,0.00000000,0
2025-05-15 13:56:04,vana,volatility,"vana在1d窗口内波动率为8.78%",2025-05-15 13:15:00,2025-05-15 13:29:59,6.29700000,8.78,0.00,0,0.00000000,0
2025-05-15 13:56:04,vet,volatility,"vet在1d窗口内波动率为7.84%",2025-05-15 13:15:00,2025-05-15 13:29:59,0.02973000,7.84,0.00,0,0.00000000,0
2025-05-15 13:56:04,virtual,volatility,"virtual在1d窗口内波动率为10.61%",2025-05-15 13:15:00,2025-05-15 13:29:59,1.96280000,10.61,0.00,0,0.00000000,0
2025-05-15 13:56:04,virtual,volatility,"virtual在1d窗口内波动率为10.61%",2025-05-15 13:15:00,2025-05-15 13:29:59,1.96280000,10.61,0.00,0,0.00000000,0
2025-05-15 13:56:04,vic,volatility,"vic在1d窗口内波动率为7.87%",2025-05-15 13:15:00,2025-05-15 13:29:59,0.25820000,7.87,0.00,0,0.00000000,0
2025-05-15 13:56:04,vic,volatility,"vic在1d窗口内波动率为7.87%",2025-05-15 13:15:00,2025-05-15 13:29:59,0.25820000,7.87,0.00,0,0.00000000,0
2025-05-15 13:56:04,wif,volatility,"wif在1d窗口内波动率为15.46%",2025-05-15 13:15:00,2025-05-15 13:29:59,1.12200000,15.46,0.00,0,0.00000000,0
2025-05-15 13:56:04,wif,volatility,"wif在1d窗口内波动率为15.46%",2025-05-15 13:15:00,2025-05-15 13:29:59,1.12200000,15.46,0.00,0,0.00000000,0
2025-05-15 13:56:04,win,volatility,"win在1d窗口内波动率为5.24%",2025-05-15 13:15:00,2025-05-15 13:29:59,0.00006239,5.24,0.00,0,0.00000000,0
2025-05-15 13:56:04,win,volatility,"win在1d窗口内波动率为5.24%",2025-05-15 13:15:00,2025-05-15 13:29:59,0.00006239,5.24,0.00,0,0.00000000,0
2025-05-15 13:56:04,xai,volatility,"xai在1d窗口内波动率为10.45%",2025-05-15 13:15:00,2025-05-15 13:29:59,0.08830000,10.45,0.00,0,0.00000000,0
2025-05-15 13:56:04,xrp,volatility,"xrp在1d窗口内波动率为6.23%",2025-05-15 13:15:00,2025-05-15 13:29:59,2.51670000,6.23,0.00,0,0.00000000,0
2025-05-15 13:56:04,xai,volatility,"xai在1d窗口内波动率为10.45%",2025-05-15 13:15:00,2025-05-15 13:29:59,0.08830000,10.45,0.00,0,0.00000000,0
2025-05-15 13:56:04,xrp,volatility,"xrp在1d窗口内波动率为6.23%",2025-05-15 13:15:00,2025-05-15 13:29:59,2.51670000,6.23,0.00,0,0.00000000,0
2025-05-15 13:56:04,xvs,volatility,"xvs在1d窗口内波动率为8.48%",2025-05-15 13:15:00,2025-05-15 13:29:59,7.03000000,8.48,0.00,0,0.00000000,0
2025-05-15 13:56:04,xvs,volatility,"xvs在1d窗口内波动率为8.48%",2025-05-15 13:15:00,2025-05-15 13:29:59,7.03000000,8.48,0.00,0,0.00000000,0
2025-05-15 13:56:04,xvg,volatility,"xvg在1d窗口内波动率为17.95%",2025-05-15 13:15:00,2025-05-15 13:29:59,0.00715300,17.95,0.00,0,0.00000000,0
2025-05-15 13:56:04,xvg,volatility,"xvg在1d窗口内波动率为17.95%",2025-05-15 13:15:00,2025-05-15 13:29:59,0.00715300,17.95,0.00,0,0.00000000,0
2025-05-15 13:56:04,zen,volatility,"zen在1d窗口内波动率为9.11%",2025-05-15 13:15:00,2025-05-15 13:29:59,10.06000000,9.11,0.00,0,0.00000000,0
2025-05-15 13:56:04,zen,volatility,"zen在1d窗口内波动率为9.11%",2025-05-15 13:15:00,2025-05-15 13:29:59,10.06000000,9.11,0.00,0,0.00000000,0
2025-05-15 13:56:04,ygg,volatility,"ygg在1d窗口内波动率为10.81%",2025-05-15 13:15:00,2025-05-15 13:29:59,0.22940000,10.81,0.00,0,0.00000000,0
2025-05-15 13:56:04,ygg,volatility,"ygg在1d窗口内波动率为10.81%",2025-05-15 13:15:00,2025-05-15 13:29:59,0.22940000,10.81,0.00,0,0.00000000,0
2025-05-15 13:56:04,zk,volatility,"zk在1d窗口内波动率为8.80%",2025-05-15 13:15:00,2025-05-15 13:29:59,0.07130000,8.80,0.00,0,0.00000000,0
2025-05-15 13:56:04,zk,volatility,"zk在1d窗口内波动率为8.80%",2025-05-15 13:15:00,2025-05-15 13:29:59,0.07130000,8.80,0.00,0,0.00000000,0
2025-05-15 14:01:40,1000sats,volatility,"1000sats在1d窗口内波动率为26.11%",2025-05-15 13:15:00,2025-05-15 13:29:59,0.00000000,26.11,0.02,96.00,0.00006590,3
2025-05-15 14:01:40,1000sats,volatility,"1000sats在1d窗口内波动率为26.11%",2025-05-15 13:15:00,2025-05-15 13:29:59,0.00000000,26.11,0.02,96.00,0.00006590,3
2025-05-15 14:01:40,1000cat,volatility,"1000cat在1d窗口内波动率为16.39%",2025-05-15 13:15:00,2025-05-15 13:29:59,0.00000000,3.00,16.39,0.01,96.00000000,0
2025-05-15 14:01:40,1mbabydoge,volatility,"1mbabydoge在1d窗口内波动率为12.21%",2025-05-15 13:45:00,2025-05-15 13:59:59,0.00000000,12.21,0.01,96.00,0.00180060,3
2025-05-15 14:01:40,1000cat,volatility,"1000cat在1d窗口内波动率为16.39%",2025-05-15 13:15:00,2025-05-15 13:29:59,0.00000000,16.39,0.01,96.00,0.01076000,3
2025-05-15 14:01:40,1mbabydoge,volatility,"1mbabydoge在1d窗口内波动率为12.21%",2025-05-15 13:45:00,2025-05-15 13:59:59,0.00000000,12.21,0.01,96.00,0.00180060,3
2025-05-15 14:01:40,acm,volatility,"acm在1d窗口内波动率为6.98%",2025-05-15 13:45:00,2025-05-15 13:59:59,0.00000000,0.96,3.00,6.98,0.00439431,96
2025-05-15 14:01:40,acm,volatility,"acm在1d窗口内波动率为6.98%",2025-05-15 13:45:00,2025-05-15 13:59:59,0.00000000,6.98,0.00,96.00,0.96200000,3
2025-05-15 14:01:40,ach,volatility,"ach在1d窗口内波动率为7.63%",2025-05-15 13:15:00,2025-05-15 13:29:59,0.00000000,0.03,3.00,7.63,0.00480742,96
2025-05-15 14:01:40,ach,volatility,"ach在1d窗口内波动率为7.63%",2025-05-15 13:15:00,2025-05-15 13:29:59,0.00000000,7.63,0.00,96.00,0.02693000,3
2025-05-15 14:01:40,adx,volatility,"adx在1d窗口内波动率为5.79%",2025-05-15 13:45:00,2025-05-15 13:59:59,0.00000000,96.00,0.11,3.00,5.79109675,0
2025-05-15 14:01:40,adx,volatility,"adx在1d窗口内波动率为5.79%",2025-05-15 13:45:00,2025-05-15 13:59:59,0.00000000,5.79,0.00,96.00,0.11480000,3
2025-05-15 14:01:40,ai,volatility,"ai在1d窗口内波动率为12.68%",2025-05-15 13:15:00,2025-05-15 13:29:59,0.00000000,12.68,0.01,96.00,0.19510000,3
2025-05-15 14:01:40,agld,volatility,"agld在1d窗口内波动率为12.94%",2025-05-15 13:45:00,2025-05-15 13:59:59,0.00000000,96.00,1.02,3.00,12.94204231,0
2025-05-15 14:01:40,agld,volatility,"agld在1d窗口内波动率为12.94%",2025-05-15 13:45:00,2025-05-15 13:59:59,0.00000000,1.02,3.00,12.94,0.00815272,96
2025-05-15 14:01:40,alcx,volatility,"alcx在1d窗口内波动率为7.01%",2025-05-15 13:15:00,2025-05-15 13:29:59,0.00000000,7.01,0.00,96.00,10.55000000,3
2025-05-15 14:01:40,ai,volatility,"ai在1d窗口内波动率为12.68%",2025-05-15 13:15:00,2025-05-15 13:29:59,0.00000000,3.00,12.68,0.01,96.00000000,0
2025-05-15 14:01:40,alcx,volatility,"alcx在1d窗口内波动率为7.01%",2025-05-15 13:15:00,2025-05-15 13:29:59,0.00000000,7.01,0.00,96.00,10.55000000,3
2025-05-15 14:01:40,algo,volatility,"algo在1d窗口内波动率为8.47%",2025-05-15 13:45:00,2025-05-15 13:59:59,0.00000000,8.47,0.01,96.00,0.22760000,3
2025-05-15 14:01:40,algo,volatility,"algo在1d窗口内波动率为8.47%",2025-05-15 13:45:00,2025-05-15 13:59:59,0.00000000,96.00,0.23,3.00,8.47396091,0
2025-05-15 14:01:40,anime,volatility,"anime在1d窗口内波动率为10.18%",2025-05-15 13:15:00,2025-05-15 13:29:59,0.00000000,3.00,10.18,0.01,96.00000000,0
2025-05-15 14:01:40,alt,volatility,"alt在1d窗口内波动率为12.27%",2025-05-15 13:15:00,2025-05-15 13:29:59,0.00000000,3.00,12.27,0.01,96.00000000,0
2025-05-15 14:01:40,alt,volatility,"alt在1d窗口内波动率为12.27%",2025-05-15 13:15:00,2025-05-15 13:29:59,0.00000000,0.01,96.00,0.04,3.00000000,12
2025-05-15 14:01:40,anime,volatility,"anime在1d窗口内波动率为10.18%",2025-05-15 13:15:00,2025-05-15 13:29:59,0.00000000,96.00,0.02,3.00,10.18328004,0
2025-05-15 14:01:40,ape,volatility,"ape在1d窗口内波动率为8.84%",2025-05-15 13:15:00,2025-05-15 13:29:59,0.00000000,0.01,96.00,0.66,3.00000000,8
2025-05-15 14:01:40,ape,volatility,"ape在1d窗口内波动率为8.84%",2025-05-15 13:15:00,2025-05-15 13:29:59,0.00000000,3.00,8.84,0.01,96.00000000,0
2025-05-15 14:01:40,ar,volatility,"ar在1d窗口内波动率为8.80%",2025-05-15 13:15:00,2025-05-15 13:29:59,0.00000000,0.01,96.00,7.89,3.00000000,8
2025-05-15 14:01:40,ar,volatility,"ar在1d窗口内波动率为8.80%",2025-05-15 13:15:00,2025-05-15 13:29:59,0.00000000,8.80,0.01,96.00,7.89000000,3
2025-05-15 14:01:40,ardr,volatility,"ardr在1d窗口内波动率为6.84%",2025-05-15 13:45:00,2025-05-15 13:59:59,0.00000000,6.84,0.00,96.00,0.10447000,3
2025-05-15 14:01:40,ardr,volatility,"ardr在1d窗口内波动率为6.84%",2025-05-15 13:45:00,2025-05-15 13:59:59,0.00000000,6.84,0.00,96.00,0.10447000,3
2025-05-15 14:01:40,atm,volatility,"atm在1d窗口内波动率为7.92%",2025-05-15 13:45:00,2025-05-15 13:59:59,0.00000000,3.00,7.92,0.00,96.00000000,1
2025-05-15 14:01:40,asr,volatility,"asr在1d窗口内波动率为17.26%",2025-05-15 13:15:00,2025-05-15 13:29:59,0.00000000,17.26,0.01,96.00,1.76200000,3
2025-05-15 14:01:40,asr,volatility,"asr在1d窗口内波动率为17.26%",2025-05-15 13:15:00,2025-05-15 13:29:59,0.00000000,0.01,96.00,1.76,3.00000000,17
2025-05-15 14:01:40,ata,volatility,"ata在1d窗口内波动率为9.95%",2025-05-15 10:30:00,2025-05-15 10:44:59,0.00000000,0.07,3.00,9.95,0.00627057,96
2025-05-15 14:01:40,arpa,volatility,"arpa在1d窗口内波动率为15.11%",2025-05-15 13:15:00,2025-05-15 13:29:59,0.00000000,15.11,0.01,96.00,0.02639000,3
2025-05-15 14:01:40,ata,volatility,"ata在1d窗口内波动率为9.95%",2025-05-15 10:30:00,2025-05-15 10:44:59,0.00000000,0.01,96.00,0.07,3.00000000,9
2025-05-15 14:01:40,arpa,volatility,"arpa在1d窗口内波动率为15.11%",2025-05-15 13:15:00,2025-05-15 13:29:59,0.00000000,0.03,3.00,15.11,0.00951901,96
2025-05-15 14:01:40,atm,volatility,"atm在1d窗口内波动率为7.92%",2025-05-15 13:45:00,2025-05-15 13:59:59,0.00000000,7.92,0.00,96.00,1.30300000,3
2025-05-15 14:01:40,atom,volatility,"atom在1d窗口内波动率为6.39%",2025-05-15 13:45:00,2025-05-15 13:59:59,0.00000000,3.00,6.39,0.00,96.00000000,4
2025-05-15 14:01:40,atom,volatility,"atom在1d窗口内波动率为6.39%",2025-05-15 13:45:00,2025-05-15 13:59:59,0.00000000,6.39,0.00,96.00,4.96400000,3
2025-05-15 14:01:40,avax,volatility,"avax在1d窗口内波动率为6.91%",2025-05-15 13:15:00,2025-05-15 13:29:59,0.00000000,3.00,6.91,0.00,96.00000000,24
2025-05-15 14:01:40,avax,volatility,"avax在1d窗口内波动率为6.91%",2025-05-15 13:15:00,2025-05-15 13:29:59,0.00000000,0.00,96.00,24.50,3.00000000,6
2025-05-15 14:01:40,bananas31,volatility,"bananas31在1d窗口内波动率为13.45%",2025-05-15 13:15:00,2025-05-15 13:29:59,0.00000000,0.01,96.00,0.01,3.00000000,13
2025-05-15 14:01:40,bananas31,volatility,"bananas31在1d窗口内波动率为13.45%",2025-05-15 13:15:00,2025-05-15 13:29:59,0.00000000,13.45,0.01,96.00,0.00532000,3
2025-05-15 14:01:40,beamx,volatility,"beamx在1d窗口内波动率为9.09%",2025-05-15 13:15:00,2025-05-15 13:29:59,0.00000000,0.01,96.00,0.01,3.00000000,9
2025-05-15 14:01:40,beamx,volatility,"beamx在1d窗口内波动率为9.09%",2025-05-15 13:15:00,2025-05-15 13:29:59,0.00000000,9.09,0.01,96.00,0.00864000,3
2025-05-15 14:01:40,bico,volatility,"bico在1d窗口内波动率为8.70%",2025-05-15 13:45:00,2025-05-15 13:59:59,0.00000000,8.70,0.01,96.00,0.13590000,3
2025-05-15 14:01:40,bico,volatility,"bico在1d窗口内波动率为8.70%",2025-05-15 13:45:00,2025-05-15 13:59:59,0.00000000,0.01,96.00,0.14,3.00000000,8
2025-05-15 14:01:40,blur,volatility,"blur在1d窗口内波动率为7.57%",2025-05-15 13:15:00,2025-05-15 13:29:59,0.00000000,0.00,96.00,0.12,3.00000000,7
2025-05-15 14:01:40,blur,volatility,"blur在1d窗口内波动率为7.57%",2025-05-15 13:15:00,2025-05-15 13:29:59,0.00000000,7.57,0.00,96.00,0.11620000,3
2025-05-15 14:01:40,bnt,volatility,"bnt在1d窗口内波动率为6.77%",2025-05-15 13:15:00,2025-05-15 13:29:59,0.00000000,6.77,0.00,96.00,0.72270000,3
2025-05-15 14:01:40,bnt,volatility,"bnt在1d窗口内波动率为6.77%",2025-05-15 13:15:00,2025-05-15 13:29:59,0.00000000,6.77,0.00,96.00,0.72270000,3
2025-05-15 14:01:40,bnsol,volatility,"bnsol在1d窗口内波动率为5.68%",2025-05-15 13:45:00,2025-05-15 13:59:59,0.00000000,5.68,0.00,96.00,181.90000000,3
2025-05-15 14:01:40,bnsol,volatility,"bnsol在1d窗口内波动率为5.68%",2025-05-15 13:45:00,2025-05-15 13:59:59,0.00000000,96.00,181.90,3.00,5.68129634,0
2025-05-15 14:01:40,bonk,volatility,"bonk在1d窗口内波动率为12.89%",2025-05-15 13:15:00,2025-05-15 13:29:59,0.00000000,12.89,0.01,96.00,0.00002198,3
2025-05-15 14:01:40,bonk,volatility,"bonk在1d窗口内波动率为12.89%",2025-05-15 13:15:00,2025-05-15 13:29:59,0.00000000,0.01,96.00,0.00,3.00000000,12
2025-05-15 14:01:40,bsw,volatility,"bsw在1d窗口内波动率为8.53%",2025-05-15 13:15:00,2025-05-15 13:29:59,0.00000000,8.53,0.01,96.00,0.03600000,3
2025-05-15 14:01:40,bsw,volatility,"bsw在1d窗口内波动率为8.53%",2025-05-15 13:15:00,2025-05-15 13:29:59,0.00000000,3.00,8.53,0.01,96.00000000,0
2025-05-15 14:01:40,broccoli714,volatility,"broccoli714在1d窗口内波动率为15.04%",2025-05-15 13:15:00,2025-05-15 13:29:59,0.00000000,15.04,0.01,96.00,0.03870000,3
2025-05-15 14:01:40,broccoli714,volatility,"broccoli714在1d窗口内波动率为15.04%",2025-05-15 13:15:00,2025-05-15 13:29:59,0.00000000,15.04,0.01,96.00,0.03870000,3
2025-05-15 14:01:40,cati,volatility,"cati在1d窗口内波动率为15.04%",2025-05-15 13:15:00,2025-05-15 13:29:59,0.00000000,3.00,15.04,0.01,96.00000000,0
2025-05-15 14:01:40,cati,volatility,"cati在1d窗口内波动率为15.04%",2025-05-15 13:15:00,2025-05-15 13:29:59,0.00000000,3.00,15.04,0.01,96.00000000,0
2025-05-15 14:01:40,celr,volatility,"celr在1d窗口内波动率为9.14%",2025-05-15 13:45:00,2025-05-15 13:59:59,0.00000000,0.01,3.00,9.14,0.00575933,96
2025-05-15 14:01:40,celr,volatility,"celr在1d窗口内波动率为9.14%",2025-05-15 13:45:00,2025-05-15 13:59:59,0.00000000,9.14,0.01,96.00,0.01117000,3
2025-05-15 14:01:40,cfx,volatility,"cfx在1d窗口内波动率为8.83%",2025-05-15 13:15:00,2025-05-15 13:29:59,0.00000000,0.01,96.00,0.10,3.00000000,8
2025-05-15 14:01:40,cfx,volatility,"cfx在1d窗口内波动率为8.83%",2025-05-15 13:15:00,2025-05-15 13:29:59,0.00000000,8.83,0.01,96.00,0.09550000,3
2025-05-15 14:01:40,cgpt,volatility,"cgpt在1d窗口内波动率为14.25%",2025-05-15 13:15:00,2025-05-15 13:29:59,0.00000000,14.25,0.01,96.00,0.12890000,3
2025-05-15 14:01:40,cgpt,volatility,"cgpt在1d窗口内波动率为14.25%",2025-05-15 13:15:00,2025-05-15 13:29:59,0.00000000,0.01,96.00,0.13,3.00000000,14
2025-05-15 14:01:40,comp,volatility,"comp在1d窗口内波动率为6.75%",2025-05-15 13:15:00,2025-05-15 13:29:59,0.00000000,0.00,96.00,45.38,3.00000000,6
2025-05-15 14:01:40,comp,volatility,"comp在1d窗口内波动率为6.75%",2025-05-15 13:15:00,2025-05-15 13:29:59,0.00000000,6.75,0.00,96.00,45.38000000,3
2025-05-15 14:01:40,ctsi,volatility,"ctsi在1d窗口内波动率为8.55%",2025-05-15 13:15:00,2025-05-15 13:29:59,0.00000000,3.00,8.55,0.01,96.00000000,0
2025-05-15 14:01:40,ctsi,volatility,"ctsi在1d窗口内波动率为8.55%",2025-05-15 13:15:00,2025-05-15 13:29:59,0.00000000,3.00,8.55,0.01,96.00000000,0
2025-05-15 14:01:40,dego,volatility,"dego在1d窗口内波动率为7.78%",2025-05-15 13:45:00,2025-05-15 13:59:59,0.00000000,3.00,7.78,0.00,96.00000000,1
2025-05-15 14:01:40,data,volatility,"data在1d窗口内波动率为9.22%",2025-05-15 13:15:00,2025-05-15 13:29:59,0.00000000,9.22,0.01,96.00,0.01811000,3
2025-05-15 14:01:40,data,volatility,"data在1d窗口内波动率为9.22%",2025-05-15 13:15:00,2025-05-15 13:29:59,0.00000000,0.01,96.00,0.02,3.00000000,9
2025-05-15 14:01:40,dego,volatility,"dego在1d窗口内波动率为7.78%",2025-05-15 13:45:00,2025-05-15 13:59:59,0.00000000,7.78,0.00,96.00,1.81600000,3
2025-05-15 14:01:40,dent,volatility,"dent在1d窗口内波动率为8.90%",2025-05-15 13:45:00,2025-05-15 13:59:59,0.00000000,3.00,8.90,0.01,96.00000000,0
2025-05-15 14:01:40,dent,volatility,"dent在1d窗口内波动率为8.90%",2025-05-15 13:45:00,2025-05-15 13:59:59,0.00000000,0.01,96.00,0.00,3.00000000,8
2025-05-15 14:01:40,dogs,volatility,"dogs在1d窗口内波动率为13.46%",2025-05-15 13:45:00,2025-05-15 13:59:59,0.00000000,96.00,0.00,3.00,13.46468369,0
2025-05-15 14:01:40,dogs,volatility,"dogs在1d窗口内波动率为13.46%",2025-05-15 13:45:00,2025-05-15 13:59:59,0.00000000,96.00,0.00,3.00,13.46468369,0
2025-05-15 14:01:40,dydx,volatility,"dydx在1d窗口内波动率为9.44%",2025-05-15 13:45:00,2025-05-15 13:59:59,0.00000000,9.44,0.01,96.00,0.67090000,3
2025-05-15 14:01:40,dusk,volatility,"dusk在1d窗口内波动率为7.99%",2025-05-15 13:15:00,2025-05-15 13:29:59,0.00000000,7.99,0.01,96.00,0.09620000,3
2025-05-15 14:01:40,dydx,volatility,"dydx在1d窗口内波动率为9.44%",2025-05-15 13:45:00,2025-05-15 13:59:59,0.00000000,9.44,0.01,96.00,0.67090000,3
2025-05-15 14:01:40,dusk,volatility,"dusk在1d窗口内波动率为7.99%",2025-05-15 13:15:00,2025-05-15 13:29:59,0.00000000,3.00,7.99,0.01,96.00000000,0
2025-05-15 14:01:40,enj,volatility,"enj在1d窗口内波动率为9.13%",2025-05-15 13:15:00,2025-05-15 13:29:59,0.00000000,0.01,96.00,0.09,3.00000000,9
2025-05-15 14:01:40,egld,volatility,"egld在1d窗口内波动率为9.62%",2025-05-15 13:45:00,2025-05-15 13:59:59,0.00000000,3.00,9.62,0.01,96.00000000,19
2025-05-15 14:01:40,egld,volatility,"egld在1d窗口内波动率为9.62%",2025-05-15 13:45:00,2025-05-15 13:59:59,0.00000000,3.00,9.62,0.01,96.00000000,19
2025-05-15 14:01:40,eos,volatility,"eos在1d窗口内波动率为13.89%",2025-05-15 13:15:00,2025-05-15 13:29:59,0.00000000,13.89,0.01,96.00,0.77680000,3
2025-05-15 14:01:40,ena,volatility,"ena在1d窗口内波动率为11.71%",2025-05-15 13:45:00,2025-05-15 13:59:59,0.00000000,0.38,3.00,11.71,0.00737562,96
2025-05-15 14:01:40,ena,volatility,"ena在1d窗口内波动率为11.71%",2025-05-15 13:45:00,2025-05-15 13:59:59,0.00000000,0.01,96.00,0.38,3.00000000,11
2025-05-15 14:01:40,enj,volatility,"enj在1d窗口内波动率为9.13%",2025-05-15 13:15:00,2025-05-15 13:29:59,0.00000000,0.09,3.00,9.13,0.00574998,96
2025-05-15 14:01:40,eos,volatility,"eos在1d窗口内波动率为13.89%",2025-05-15 13:15:00,2025-05-15 13:29:59,0.00000000,3.00,13.89,0.01,96.00000000,0
2025-05-15 14:01:40,epic,volatility,"epic在1d窗口内波动率为20.12%",2025-05-15 13:15:00,2025-05-15 13:29:59,0.00000000,3.00,20.12,0.01,96.00000000,1
2025-05-15 14:01:40,epic,volatility,"epic在1d窗口内波动率为20.12%",2025-05-15 13:15:00,2025-05-15 13:29:59,0.00000000,20.12,0.01,96.00,1.59000000,3
2025-05-15 14:01:40,etc,volatility,"etc在1d窗口内波动率为5.32%",2025-05-15 13:45:00,2025-05-15 13:59:59,0.00000000,0.00,96.00,19.40,3.00000000,5
2025-05-15 14:01:40,etc,volatility,"etc在1d窗口内波动率为5.32%",2025-05-15 13:45:00,2025-05-15 13:59:59,0.00000000,96.00,19.40,3.00,5.31816574,0
2025-05-15 14:01:40,ethfi,volatility,"ethfi在1d窗口内波动率为18.49%",2025-05-15 13:15:00,2025-05-15 13:29:59,0.00000000,3.00,18.49,0.01,96.00000000,1
2025-05-15 14:01:40,ethfi,volatility,"ethfi在1d窗口内波动率为18.49%",2025-05-15 13:15:00,2025-05-15 13:29:59,0.00000000,18.49,0.01,96.00,1.32200000,3
2025-05-15 14:01:40,farm,volatility,"farm在1d窗口内波动率为8.61%",2025-05-15 13:15:00,2025-05-15 13:29:59,0.00000000,0.01,96.00,33.70,3.00000000,8
2025-05-15 14:01:40,farm,volatility,"farm在1d窗口内波动率为8.61%",2025-05-15 13:15:00,2025-05-15 13:29:59,0.00000000,0.01,96.00,33.70,3.00000000,8
2025-05-15 14:01:40,fida,volatility,"fida在1d窗口内波动率为12.44%",2025-05-15 13:15:00,2025-05-15 13:29:59,0.00000000,12.44,0.01,96.00,0.09860000,3
2025-05-15 14:01:40,fida,volatility,"fida在1d窗口内波动率为12.44%",2025-05-15 13:15:00,2025-05-15 13:29:59,0.00000000,0.01,96.00,0.10,3.00000000,12
2025-05-15 14:01:40,fio,volatility,"fio在1d窗口内波动率为9.06%",2025-05-15 13:15:00,2025-05-15 13:29:59,0.00000000,0.01,96.00,0.02,3.00000000,9
2025-05-15 14:01:40,fio,volatility,"fio在1d窗口内波动率为9.06%",2025-05-15 13:15:00,2025-05-15 13:29:59,0.00000000,3.00,9.06,0.01,96.00000000,0
2025-05-15 14:01:40,ftt,volatility,"ftt在1d窗口内波动率为16.25%",2025-05-15 13:15:00,2025-05-15 13:29:59,0.00000000,96.00,1.20,3.00,16.24697059,0
2025-05-15 14:01:40,form,volatility,"form在1d窗口内波动率为9.80%",2025-05-15 13:15:00,2025-05-15 13:29:59,0.00000000,9.80,0.01,96.00,2.67280000,3
2025-05-15 14:01:40,form,volatility,"form在1d窗口内波动率为9.80%",2025-05-15 13:15:00,2025-05-15 13:29:59,0.00000000,9.80,0.01,96.00,2.67280000,3
2025-05-15 14:01:40,fxs,ma_trend,"fxs的MA81趋势向上",2025-05-15 10:30:00,2025-05-15 10:44:59,3.19500000,3.06,2.79,3.11,20.00000000,81
2025-05-15 14:01:40,ftt,ma_trend,"ftt的MA81趋势向上",2025-05-15 13:15:00,2025-05-15 13:29:59,1.20030000,1.20,1.17,1.17,1.16296173,1
2025-05-15 14:01:40,ftt,volatility,"ftt在1d窗口内波动率为16.25%",2025-05-15 13:15:00,2025-05-15 13:29:59,0.00000000,16.25,0.01,96.00,1.20030000,3
2025-05-15 14:01:40,ftt,ma_trend,"ftt的MA81趋势向上",2025-05-15 13:15:00,2025-05-15 13:29:59,1.20030000,81.00,1.20,1.17,1.17270988,1
2025-05-15 14:01:40,fxs,volatility,"fxs在1d窗口内波动率为13.52%",2025-05-15 10:30:00,2025-05-15 10:44:59,0.00000000,96.00,3.19,3.00,13.51836004,0
2025-05-15 14:01:40,fxs,ma_trend,"fxs的MA81趋势向上",2025-05-15 10:30:00,2025-05-15 10:44:59,3.19500000,3.11,20.00,81.00,3.19500000,3
2025-05-15 14:01:40,fxs,volatility,"fxs在1d窗口内波动率为13.52%",2025-05-15 10:30:00,2025-05-15 10:44:59,0.00000000,13.52,0.01,96.00,3.19500000,3
2025-05-15 14:01:40,glm,volatility,"glm在1d窗口内波动率为9.48%",2025-05-15 13:15:00,2025-05-15 13:29:59,0.00000000,9.48,0.01,96.00,0.28680000,3
2025-05-15 14:01:40,glm,volatility,"glm在1d窗口内波动率为9.48%",2025-05-15 13:15:00,2025-05-15 13:29:59,0.00000000,3.00,9.48,0.01,96.00000000,0
2025-05-15 14:01:40,ghst,volatility,"ghst在1d窗口内波动率为9.35%",2025-05-15 13:45:00,2025-05-15 13:59:59,0.00000000,9.35,0.01,96.00,0.57700000,3
2025-05-15 14:01:40,ghst,volatility,"ghst在1d窗口内波动率为9.35%",2025-05-15 13:45:00,2025-05-15 13:59:59,0.00000000,9.35,0.01,96.00,0.57700000,3
2025-05-15 14:01:40,gmx,volatility,"gmx在1d窗口内波动率为10.85%",2025-05-15 13:15:00,2025-05-15 13:29:59,0.00000000,3.00,10.85,0.01,96.00000000,16
2025-05-15 14:01:40,gmx,volatility,"gmx在1d窗口内波动率为10.85%",2025-05-15 13:15:00,2025-05-15 13:29:59,0.00000000,10.85,0.01,96.00,16.09000000,3
2025-05-15 14:01:40,gno,volatility,"gno在1d窗口内波动率为5.58%",2025-05-15 13:15:00,2025-05-15 13:29:59,0.00000000,137.70,3.00,5.58,0.00351751,96
2025-05-15 14:01:40,gno,volatility,"gno在1d窗口内波动率为5.58%",2025-05-15 13:15:00,2025-05-15 13:29:59,0.00000000,0.00,96.00,137.70,3.00000000,5
2025-05-15 14:01:40,gmt,volatility,"gmt在1d窗口内波动率为8.54%",2025-05-15 13:15:00,2025-05-15 13:29:59,0.00000000,8.54,0.01,96.00,0.06290000,3
2025-05-15 14:01:40,gmt,volatility,"gmt在1d窗口内波动率为8.54%",2025-05-15 13:15:00,2025-05-15 13:29:59,0.00000000,8.54,0.01,96.00,0.06290000,3
2025-05-15 14:01:40,grt,volatility,"grt在1d窗口内波动率为7.55%",2025-05-15 13:15:00,2025-05-15 13:29:59,0.00000000,7.55,0.00,96.00,0.11870000,3
2025-05-15 14:01:40,grt,volatility,"grt在1d窗口内波动率为7.55%",2025-05-15 13:15:00,2025-05-15 13:29:59,0.00000000,0.12,3.00,7.55,0.00475473,96
2025-05-15 14:01:40,gtc,volatility,"gtc在1d窗口内波动率为9.95%",2025-05-15 13:15:00,2025-05-15 13:29:59,0.00000000,9.95,0.01,96.00,0.33600000,3
2025-05-15 14:01:40,gtc,volatility,"gtc在1d窗口内波动率为9.95%",2025-05-15 13:15:00,2025-05-15 13:29:59,0.00000000,96.00,0.34,3.00,9.94953887,0
2025-05-15 14:01:40,hmstr,volatility,"hmstr在1d窗口内波动率为7.62%",2025-05-15 13:15:00,2025-05-15 13:29:59,0.00000000,0.00,3.00,7.62,0.00479911,96
2025-05-15 14:01:40,hifi,volatility,"hifi在1d窗口内波动率为12.05%",2025-05-15 13:15:00,2025-05-15 13:29:59,0.00000000,12.05,0.01,96.00,0.12130000,3
2025-05-15 14:01:40,hifi,volatility,"hifi在1d窗口内波动率为12.05%",2025-05-15 13:15:00,2025-05-15 13:29:59,0.00000000,3.00,12.05,0.01,96.00000000,0
2025-05-15 14:01:40,hmstr,volatility,"hmstr在1d窗口内波动率为7.62%",2025-05-15 13:15:00,2025-05-15 13:29:59,0.00000000,3.00,7.62,0.00,96.00000000,0
2025-05-15 14:01:40,icx,volatility,"icx在1d窗口内波动率为7.17%",2025-05-15 13:45:00,2025-05-15 13:59:59,0.00000000,7.17,0.00,96.00,0.10640000,3
2025-05-15 14:01:40,hyper,volatility,"hyper在1d窗口内波动率为9.59%",2025-05-15 13:15:00,2025-05-15 13:29:59,0.00000000,9.59,0.01,96.00,0.16150000,3
2025-05-15 14:01:40,icx,volatility,"icx在1d窗口内波动率为7.17%",2025-05-15 13:45:00,2025-05-15 13:59:59,0.00000000,7.17,0.00,96.00,0.10640000,3
2025-05-15 14:01:40,hyper,volatility,"hyper在1d窗口内波动率为9.59%",2025-05-15 13:15:00,2025-05-15 13:29:59,0.00000000,9.59,0.01,96.00,0.16150000,3
2025-05-15 14:01:40,icp,volatility,"icp在1d窗口内波动率为7.23%",2025-05-15 13:45:00,2025-05-15 13:59:59,0.00000000,7.23,0.00,96.00,5.52300000,3
2025-05-15 14:01:40,icp,volatility,"icp在1d窗口内波动率为7.23%",2025-05-15 13:45:00,2025-05-15 13:59:59,0.00000000,7.23,0.00,96.00,5.52300000,3
2025-05-15 14:01:40,idex,volatility,"idex在1d窗口内波动率为8.32%",2025-05-15 13:15:00,2025-05-15 13:29:59,0.00000000,0.01,96.00,0.03,3.00000000,8
2025-05-15 14:01:40,idex,volatility,"idex在1d窗口内波动率为8.32%",2025-05-15 13:15:00,2025-05-15 13:29:59,0.00000000,0.03,3.00,8.32,0.00524020,96
2025-05-15 14:01:40,init,volatility,"init在1d窗口内波动率为16.18%",2025-05-15 13:15:00,2025-05-15 13:29:59,0.00000000,16.18,0.01,96.00,1.09300000,3
2025-05-15 14:01:40,imx,volatility,"imx在1d窗口内波动率为9.78%",2025-05-15 13:15:00,2025-05-15 13:29:59,0.00000000,9.78,0.01,96.00,0.69100000,3
2025-05-15 14:01:40,imx,volatility,"imx在1d窗口内波动率为9.78%",2025-05-15 13:15:00,2025-05-15 13:29:59,0.00000000,9.78,0.01,96.00,0.69100000,3
2025-05-15 14:01:40,init,volatility,"init在1d窗口内波动率为16.18%",2025-05-15 13:15:00,2025-05-15 13:29:59,0.00000000,16.18,0.01,96.00,1.09300000,3
2025-05-15 14:01:40,io,volatility,"io在1d窗口内波动率为10.92%",2025-05-15 13:45:00,2025-05-15 13:59:59,0.00000000,10.92,0.01,96.00,1.03200000,3
2025-05-15 14:01:40,io,volatility,"io在1d窗口内波动率为10.92%",2025-05-15 13:45:00,2025-05-15 13:59:59,0.00000000,0.01,96.00,1.03,3.00000000,10
2025-05-15 14:01:40,iota,volatility,"iota在1d窗口内波动率为8.82%",2025-05-15 13:15:00,2025-05-15 13:29:59,0.00000000,8.82,0.01,96.00,0.23540000,3
2025-05-15 14:01:40,iota,volatility,"iota在1d窗口内波动率为8.82%",2025-05-15 13:15:00,2025-05-15 13:29:59,0.00000000,96.00,0.24,3.00,8.82420353,0
2025-05-15 14:01:40,jasmy,volatility,"jasmy在1d窗口内波动率为10.29%",2025-05-15 13:45:00,2025-05-15 13:59:59,0.00000000,10.29,0.01,96.00,0.01870000,3
2025-05-15 14:01:40,jasmy,volatility,"jasmy在1d窗口内波动率为10.29%",2025-05-15 13:45:00,2025-05-15 13:59:59,0.00000000,10.29,0.01,96.00,0.01870000,3
2025-05-15 14:01:40,iq,volatility,"iq在1d窗口内波动率为5.45%",2025-05-15 13:45:00,2025-05-15 13:59:59,0.00000000,5.45,0.00,96.00,0.00446300,3
2025-05-15 14:01:40,iq,volatility,"iq在1d窗口内波动率为5.45%",2025-05-15 13:45:00,2025-05-15 13:59:59,0.00000000,5.45,0.00,96.00,0.00446300,3
2025-05-15 14:01:40,jst,volatility,"jst在1d窗口内波动率为4.60%",2025-05-15 13:15:00,2025-05-15 13:29:59,0.00000000,4.60,0.00,96.00,0.03704000,3
2025-05-15 14:01:40,jst,volatility,"jst在1d窗口内波动率为4.60%",2025-05-15 13:15:00,2025-05-15 13:29:59,0.00000000,4.60,0.00,96.00,0.03704000,3
2025-05-15 14:01:40,jto,volatility,"jto在1d窗口内波动率为9.70%",2025-05-15 13:15:00,2025-05-15 13:29:59,0.00000000,9.70,0.01,96.00,1.99900000,3
2025-05-15 14:01:40,jto,volatility,"jto在1d窗口内波动率为9.70%",2025-05-15 13:15:00,2025-05-15 13:29:59,0.00000000,0.01,96.00,2.00,3.00000000,9
2025-05-15 14:01:40,kernel,volatility,"kernel在1d窗口内波动率为15.55%",2025-05-15 13:15:00,2025-05-15 13:29:59,0.00000000,0.01,96.00,0.17,3.00000000,15
2025-05-15 14:01:40,kmd,volatility,"kmd在1d窗口内波动率为7.14%",2025-05-15 13:15:00,2025-05-15 13:29:59,0.00000000,3.00,7.14,0.00,96.00000000,0
2025-05-15 14:01:40,kernel,volatility,"kernel在1d窗口内波动率为15.55%",2025-05-15 13:15:00,2025-05-15 13:29:59,0.00000000,15.55,0.01,96.00,0.16750000,3
2025-05-15 14:01:40,kmd,volatility,"kmd在1d窗口内波动率为7.14%",2025-05-15 13:15:00,2025-05-15 13:29:59,0.00000000,7.14,0.00,96.00,0.15220000,3
2025-05-15 14:01:40,kmno,volatility,"kmno在1d窗口内波动率为15.89%",2025-05-15 13:15:00,2025-05-15 13:29:59,0.00000000,15.89,0.01,96.00,0.06464000,3
2025-05-15 14:01:40,kmno,volatility,"kmno在1d窗口内波动率为15.89%",2025-05-15 13:15:00,2025-05-15 13:29:59,0.00000000,0.01,96.00,0.06,3.00000000,15
2025-05-15 14:01:40,lever,volatility,"lever在1d窗口内波动率为9.47%",2025-05-15 13:45:00,2025-05-15 13:59:59,0.00000000,9.47,0.01,96.00,0.00058500,3
2025-05-15 14:01:40,lever,volatility,"lever在1d窗口内波动率为9.47%",2025-05-15 13:45:00,2025-05-15 13:59:59,0.00000000,9.47,0.01,96.00,0.00058500,3
2025-05-15 14:01:40,link,volatility,"link在1d窗口内波动率为6.75%",2025-05-15 13:15:00,2025-05-15 13:29:59,0.00000000,6.75,0.00,96.00,16.71000000,3
2025-05-15 14:01:40,link,volatility,"link在1d窗口内波动率为6.75%",2025-05-15 13:15:00,2025-05-15 13:29:59,0.00000000,96.00,16.71,3.00,6.75017350,0
2025-05-15 14:01:40,loka,volatility,"loka在1d窗口内波动率为10.19%",2025-05-15 13:15:00,2025-05-15 13:29:59,0.00000000,10.19,0.01,96.00,0.09530000,3
2025-05-15 14:01:40,loka,volatility,"loka在1d窗口内波动率为10.19%",2025-05-15 13:15:00,2025-05-15 13:29:59,0.00000000,10.19,0.01,96.00,0.09530000,3
2025-05-15 14:01:40,lpt,volatility,"lpt在1d窗口内波动率为10.71%",2025-05-15 13:15:00,2025-05-15 13:29:59,0.00000000,96.00,6.00,3.00,10.71126946,0
2025-05-15 14:01:40,lpt,volatility,"lpt在1d窗口内波动率为10.71%",2025-05-15 13:15:00,2025-05-15 13:29:59,0.00000000,96.00,6.00,3.00,10.71126946,0
2025-05-15 14:01:40,lsk,volatility,"lsk在1d窗口内波动率为7.56%",2025-05-15 13:45:00,2025-05-15 13:59:59,0.00000000,7.56,0.00,96.00,0.54700000,3
2025-05-15 14:01:40,lqty,volatility,"lqty在1d窗口内波动率为12.12%",2025-05-15 13:15:00,2025-05-15 13:29:59,0.00000000,12.12,0.01,96.00,1.03500000,3
2025-05-15 14:01:40,lqty,volatility,"lqty在1d窗口内波动率为12.12%",2025-05-15 13:15:00,2025-05-15 13:29:59,0.00000000,12.12,0.01,96.00,1.03500000,3
2025-05-15 14:01:40,lsk,volatility,"lsk在1d窗口内波动率为7.56%",2025-05-15 13:45:00,2025-05-15 13:59:59,0.00000000,96.00,0.55,3.00,7.56286890,0
2025-05-15 14:01:40,lto,volatility,"lto在1d窗口内波动率为10.20%",2025-05-15 13:15:00,2025-05-15 13:29:59,0.00000000,0.01,96.00,0.04,3.00000000,10
2025-05-15 14:01:40,lto,volatility,"lto在1d窗口内波动率为10.20%",2025-05-15 13:15:00,2025-05-15 13:29:59,0.00000000,10.20,0.01,96.00,0.04140000,3
2025-05-15 14:01:40,ltc,volatility,"ltc在1d窗口内波动率为6.40%",2025-05-15 13:15:00,2025-05-15 13:29:59,0.00000000,0.00,96.00,99.28,3.00000000,6
2025-05-15 14:01:40,ltc,volatility,"ltc在1d窗口内波动率为6.40%",2025-05-15 13:15:00,2025-05-15 13:29:59,0.00000000,6.40,0.00,96.00,99.28000000,3
2025-05-15 14:01:40,lumia,volatility,"lumia在1d窗口内波动率为15.86%",2025-05-15 13:15:00,2025-05-15 13:29:59,0.00000000,96.00,0.40,3.00,15.86354810,0
2025-05-15 14:01:40,lumia,volatility,"lumia在1d窗口内波动率为15.86%",2025-05-15 13:15:00,2025-05-15 13:29:59,0.00000000,15.86,0.01,96.00,0.39600000,3
2025-05-15 14:01:40,lunc,volatility,"lunc在1d窗口内波动率为7.20%",2025-05-15 13:15:00,2025-05-15 13:29:59,0.00000000,3.00,7.20,0.00,96.00000000,0
2025-05-15 14:01:40,lunc,volatility,"lunc在1d窗口内波动率为7.20%",2025-05-15 13:15:00,2025-05-15 13:29:59,0.00000000,7.20,0.00,96.00,0.00006663,3
2025-05-15 14:01:40,magic,volatility,"magic在1d窗口内波动率为14.91%",2025-05-15 13:45:00,2025-05-15 13:59:59,0.00000000,96.00,0.18,3.00,14.91109928,0
2025-05-15 14:01:40,magic,volatility,"magic在1d窗口内波动率为14.91%",2025-05-15 13:45:00,2025-05-15 13:59:59,0.00000000,0.18,3.00,14.91,0.00939311,96
2025-05-15 14:01:40,me,volatility,"me在1d窗口内波动率为9.53%",2025-05-15 13:15:00,2025-05-15 13:29:59,0.00000000,9.53,0.01,96.00,1.07200000,3
2025-05-15 14:01:40,me,volatility,"me在1d窗口内波动率为9.53%",2025-05-15 13:15:00,2025-05-15 13:29:59,0.00000000,96.00,1.07,3.00,9.52759453,0
2025-05-15 14:01:40,mdt,volatility,"mdt在1d窗口内波动率为8.36%",2025-05-15 13:15:00,2025-05-15 13:29:59,0.00000000,8.36,0.01,96.00,0.03215000,3
2025-05-15 14:01:40,mdt,volatility,"mdt在1d窗口内波动率为8.36%",2025-05-15 13:15:00,2025-05-15 13:29:59,0.00000000,8.36,0.01,96.00,0.03215000,3
2025-05-15 14:01:40,metis,volatility,"metis在1d窗口内波动率为10.62%",2025-05-15 13:15:00,2025-05-15 13:29:59,0.00000000,3.00,10.62,0.01,96.00000000,21
2025-05-15 14:01:40,metis,volatility,"metis在1d窗口内波动率为10.62%",2025-05-15 13:15:00,2025-05-15 13:29:59,0.00000000,0.01,96.00,21.70,3.00000000,10
2025-05-15 14:01:40,mkr,volatility,"mkr在1d窗口内波动率为7.07%",2025-05-15 13:45:00,2025-05-15 13:59:59,0.00000000,0.00,96.00,1827.00,3.00000000,7
2025-05-15 14:01:40,mkr,volatility,"mkr在1d窗口内波动率为7.07%",2025-05-15 13:45:00,2025-05-15 13:59:59,0.00000000,7.07,0.00,96.00,1827.00000000,3
2025-05-15 14:01:40,mln,volatility,"mln在1d窗口内波动率为6.77%",2025-05-15 13:45:00,2025-05-15 13:59:59,0.00000000,9.11,3.00,6.77,0.00426165,96
2025-05-15 14:01:40,mln,volatility,"mln在1d窗口内波动率为6.77%",2025-05-15 13:45:00,2025-05-15 13:59:59,0.00000000,96.00,9.11,3.00,6.76515178,0
2025-05-15 14:01:40,move,volatility,"move在1d窗口内波动率为10.17%",2025-05-15 13:15:00,2025-05-15 13:29:59,0.00000000,0.22,3.00,10.17,0.00640359,96
2025-05-15 14:01:40,move,volatility,"move在1d窗口内波动率为10.17%",2025-05-15 13:15:00,2025-05-15 13:29:59,0.00000000,10.17,0.01,96.00,0.21670000,3
2025-05-15 14:01:40,mtl,volatility,"mtl在1d窗口内波动率为7.16%",2025-05-15 13:15:00,2025-05-15 13:29:59,0.00000000,3.00,7.16,0.00,96.00000000,0
2025-05-15 14:01:40,mtl,volatility,"mtl在1d窗口内波动率为7.16%",2025-05-15 13:15:00,2025-05-15 13:29:59,0.00000000,3.00,7.16,0.00,96.00000000,0
2025-05-15 14:01:40,neo,volatility,"neo在1d窗口内波动率为7.10%",2025-05-15 13:15:00,2025-05-15 13:29:59,0.00000000,0.00,96.00,6.90,3.00000000,7
2025-05-15 14:01:40,neo,volatility,"neo在1d窗口内波动率为7.10%",2025-05-15 13:15:00,2025-05-15 13:29:59,0.00000000,7.10,0.00,96.00,6.90000000,3
2025-05-15 14:01:40,ogn,volatility,"ogn在1d窗口内波动率为7.35%",2025-05-15 13:15:00,2025-05-15 13:29:59,0.00000000,96.00,0.07,3.00,7.34594498,0
2025-05-15 14:01:40,og,volatility,"og在1d窗口内波动率为9.63%",2025-05-15 13:15:00,2025-05-15 13:29:59,0.00000000,0.01,96.00,5.34,3.00000000,9
2025-05-15 14:01:40,og,volatility,"og在1d窗口内波动率为9.63%",2025-05-15 13:15:00,2025-05-15 13:29:59,0.00000000,96.00,5.34,3.00,9.62971501,0
2025-05-15 14:01:40,ondo,volatility,"ondo在1d窗口内波动率为17.22%",2025-05-15 13:15:00,2025-05-15 13:29:59,0.00000000,17.22,0.01,96.00,0.99710000,3
2025-05-15 14:01:40,ogn,volatility,"ogn在1d窗口内波动率为7.35%",2025-05-15 13:15:00,2025-05-15 13:29:59,0.00000000,7.35,0.00,96.00,0.06910000,3
2025-05-15 14:01:40,ont,volatility,"ont在1d窗口内波动率为6.93%",2025-05-15 13:45:00,2025-05-15 13:59:59,0.00000000,6.93,0.00,96.00,0.15850000,3
2025-05-15 14:01:40,ong,volatility,"ong在1d窗口内波动率为6.97%",2025-05-15 13:15:00,2025-05-15 13:29:59,0.00000000,3.00,6.97,0.00,96.00000000,0
2025-05-15 14:01:40,ong,volatility,"ong在1d窗口内波动率为6.97%",2025-05-15 13:15:00,2025-05-15 13:29:59,0.00000000,3.00,6.97,0.00,96.00000000,0
2025-05-15 14:01:40,ondo,volatility,"ondo在1d窗口内波动率为17.22%",2025-05-15 13:15:00,2025-05-15 13:29:59,0.00000000,17.22,0.01,96.00,0.99710000,3
2025-05-15 14:01:40,ont,volatility,"ont在1d窗口内波动率为6.93%",2025-05-15 13:45:00,2025-05-15 13:59:59,0.00000000,0.16,3.00,6.93,0.00436852,96
2025-05-15 14:01:40,osmo,volatility,"osmo在1d窗口内波动率为5.72%",2025-05-15 13:15:00,2025-05-15 13:29:59,0.00000000,5.72,0.00,96.00,0.25020000,3
2025-05-15 14:01:40,osmo,volatility,"osmo在1d窗口内波动率为5.72%",2025-05-15 13:15:00,2025-05-15 13:29:59,0.00000000,3.00,5.72,0.00,96.00000000,0
2025-05-15 14:01:40,parti,volatility,"parti在1d窗口内波动率为10.93%",2025-05-15 13:45:00,2025-05-15 13:59:59,0.00000000,10.93,0.01,96.00,0.33850000,3
2025-05-15 14:01:40,parti,volatility,"parti在1d窗口内波动率为10.93%",2025-05-15 13:45:00,2025-05-15 13:59:59,0.00000000,3.00,10.93,0.01,96.00000000,0
2025-05-15 14:01:40,pha,volatility,"pha在1d窗口内波动率为15.37%",2025-05-15 13:15:00,2025-05-15 13:29:59,0.00000000,0.01,96.00,0.14,3.00000000,15
2025-05-15 14:01:40,pha,volatility,"pha在1d窗口内波动率为15.37%",2025-05-15 13:15:00,2025-05-15 13:29:59,0.00000000,3.00,15.37,0.01,96.00000000,0
2025-05-15 14:01:40,pivx,volatility,"pivx在1d窗口内波动率为8.74%",2025-05-15 13:15:00,2025-05-15 13:29:59,0.00000000,8.74,0.01,96.00,0.16870000,3
2025-05-15 14:01:40,pnut,volatility,"pnut在1d窗口内波动率为19.53%",2025-05-15 13:45:00,2025-05-15 13:59:59,0.00000000,0.01,96.00,0.38,3.00000000,19
2025-05-15 14:01:40,pivx,volatility,"pivx在1d窗口内波动率为8.74%",2025-05-15 13:15:00,2025-05-15 13:29:59,0.00000000,96.00,0.17,3.00,8.73671968,0
2025-05-15 14:01:40,pixel,volatility,"pixel在1d窗口内波动率为13.33%",2025-05-15 13:15:00,2025-05-15 13:29:59,0.00000000,13.33,0.01,96.00,0.05664000,3
2025-05-15 14:01:40,pnut,volatility,"pnut在1d窗口内波动率为19.53%",2025-05-15 13:45:00,2025-05-15 13:59:59,0.00000000,96.00,0.38,3.00,19.52822459,0
2025-05-15 14:01:40,pixel,volatility,"pixel在1d窗口内波动率为13.33%",2025-05-15 13:15:00,2025-05-15 13:29:59,0.00000000,13.33,0.01,96.00,0.05664000,3
2025-05-15 14:01:40,porto,volatility,"porto在1d窗口内波动率为5.68%",2025-05-15 13:15:00,2025-05-15 13:29:59,0.00000000,3.00,5.68,0.00,96.00000000,1
2025-05-15 14:01:40,pond,volatility,"pond在1d窗口内波动率为6.16%",2025-05-15 13:15:00,2025-05-15 13:29:59,0.00000000,6.16,0.00,96.00,0.01051000,3
2025-05-15 14:01:40,pond,volatility,"pond在1d窗口内波动率为6.16%",2025-05-15 13:15:00,2025-05-15 13:29:59,0.00000000,96.00,0.01,3.00,6.15858795,0
2025-05-15 14:01:40,porto,volatility,"porto在1d窗口内波动率为5.68%",2025-05-15 13:15:00,2025-05-15 13:29:59,0.00000000,96.00,1.14,3.00,5.68296396,0
2025-05-15 14:01:40,polyx,volatility,"polyx在1d窗口内波动率为9.48%",2025-05-15 13:15:00,2025-05-15 13:29:59,0.00000000,3.00,9.48,0.01,96.00000000,0
2025-05-15 14:01:40,polyx,volatility,"polyx在1d窗口内波动率为9.48%",2025-05-15 13:15:00,2025-05-15 13:29:59,0.00000000,9.48,0.01,96.00,0.18190000,3
2025-05-15 14:01:40,powr,volatility,"powr在1d窗口内波动率为7.01%",2025-05-15 13:15:00,2025-05-15 13:29:59,0.00000000,7.01,0.00,96.00,0.19200000,3
2025-05-15 14:01:40,powr,volatility,"powr在1d窗口内波动率为7.01%",2025-05-15 13:15:00,2025-05-15 13:29:59,0.00000000,3.00,7.01,0.00,96.00000000,0
2025-05-15 14:01:40,qi,volatility,"qi在1d窗口内波动率为5.60%",2025-05-15 13:15:00,2025-05-15 13:29:59,0.00000000,0.00,96.00,0.01,3.00000000,5
2025-05-15 14:01:40,qi,volatility,"qi在1d窗口内波动率为5.60%",2025-05-15 13:15:00,2025-05-15 13:29:59,0.00000000,96.00,0.01,3.00,5.59550538,0
2025-05-15 14:01:40,psg,ma_trend,"psg的MA81趋势向上",2025-05-15 13:15:00,2025-05-15 13:29:59,2.71300000,81.00,2.71,2.53,2.53013580,2
2025-05-15 14:01:40,pyth,volatility,"pyth在1d窗口内波动率为9.74%",2025-05-15 13:15:00,2025-05-15 13:29:59,0.00000000,0.01,96.00,0.17,3.00000000,9
2025-05-15 14:01:40,pyth,volatility,"pyth在1d窗口内波动率为9.74%",2025-05-15 13:15:00,2025-05-15 13:29:59,0.00000000,9.74,0.01,96.00,0.17350000,3
2025-05-15 14:01:40,psg,volatility,"psg在1d窗口内波动率为13.74%",2025-05-15 13:15:00,2025-05-15 13:29:59,0.00000000,13.74,0.01,96.00,2.71300000,3
2025-05-15 14:01:40,psg,ma_trend,"psg的MA81趋势向上",2025-05-15 13:15:00,2025-05-15 13:29:59,2.71300000,81.00,2.71,2.53,2.53013580,2
2025-05-15 14:01:40,psg,volatility,"psg在1d窗口内波动率为13.74%",2025-05-15 13:15:00,2025-05-15 13:29:59,0.00000000,13.74,0.01,96.00,2.71300000,3
2025-05-15 14:01:40,quick,volatility,"quick在1d窗口内波动率为8.71%",2025-05-15 13:15:00,2025-05-15 13:29:59,0.00000000,96.00,0.03,3.00,8.71202175,0
2025-05-15 14:01:40,quick,volatility,"quick在1d窗口内波动率为8.71%",2025-05-15 13:15:00,2025-05-15 13:29:59,0.00000000,8.71,0.01,96.00,0.02507000,3
2025-05-15 14:01:40,rei,volatility,"rei在1d窗口内波动率为8.73%",2025-05-15 13:45:00,2025-05-15 13:59:59,0.00000000,8.73,0.01,96.00,0.01898000,3
2025-05-15 14:01:40,rez,volatility,"rez在1d窗口内波动率为11.89%",2025-05-15 13:15:00,2025-05-15 13:29:59,0.00000000,11.89,0.01,96.00,0.01576000,3
2025-05-15 14:01:40,rei,volatility,"rei在1d窗口内波动率为8.73%",2025-05-15 13:45:00,2025-05-15 13:59:59,0.00000000,8.73,0.01,96.00,0.01898000,3
2025-05-15 14:01:40,ray,volatility,"ray在1d窗口内波动率为20.37%",2025-05-15 13:15:00,2025-05-15 13:29:59,0.00000000,3.00,20.37,0.01,96.00000000,3
2025-05-15 14:01:40,ray,volatility,"ray在1d窗口内波动率为20.37%",2025-05-15 13:15:00,2025-05-15 13:29:59,0.00000000,0.01,96.00,3.35,3.00000000,20
2025-05-15 14:01:40,rez,volatility,"rez在1d窗口内波动率为11.89%",2025-05-15 13:15:00,2025-05-15 13:29:59,0.00000000,3.00,11.89,0.01,96.00000000,0
2025-05-15 14:01:40,req,volatility,"req在1d窗口内波动率为5.68%",2025-05-15 13:15:00,2025-05-15 13:29:59,0.00000000,96.00,0.15,3.00,5.68232029,0
2025-05-15 14:01:40,req,volatility,"req在1d窗口内波动率为5.68%",2025-05-15 13:15:00,2025-05-15 13:29:59,0.00000000,0.00,96.00,0.15,3.00000000,5
2025-05-15 14:01:40,rif,volatility,"rif在1d窗口内波动率为16.95%",2025-05-15 13:15:00,2025-05-15 13:29:59,0.00000000,0.06,3.00,16.95,0.01067713,96
2025-05-15 14:01:40,rif,volatility,"rif在1d窗口内波动率为16.95%",2025-05-15 13:15:00,2025-05-15 13:29:59,0.00000000,16.95,0.01,96.00,0.06320000,3
2025-05-15 14:01:40,rlc,volatility,"rlc在1d窗口内波动率为8.16%",2025-05-15 13:15:00,2025-05-15 13:29:59,0.00000000,3.00,8.16,0.01,96.00000000,1
2025-05-15 14:01:40,rose,volatility,"rose在1d窗口内波动率为11.19%",2025-05-15 13:15:00,2025-05-15 13:29:59,0.00000000,96.00,0.04,3.00,11.19362720,0
2025-05-15 14:01:40,rlc,volatility,"rlc在1d窗口内波动率为8.16%",2025-05-15 13:15:00,2025-05-15 13:29:59,0.00000000,0.01,96.00,1.30,3.00000000,8
2025-05-15 14:01:40,rose,volatility,"rose在1d窗口内波动率为11.19%",2025-05-15 13:15:00,2025-05-15 13:29:59,0.00000000,11.19,0.01,96.00,0.03838000,3
2025-05-15 14:01:40,rsr,volatility,"rsr在1d窗口内波动率为8.39%",2025-05-15 13:45:00,2025-05-15 13:59:59,0.00000000,0.01,3.00,8.39,0.00528575,96
2025-05-15 14:01:40,rsr,volatility,"rsr在1d窗口内波动率为8.39%",2025-05-15 13:45:00,2025-05-15 13:59:59,0.00000000,0.01,96.00,0.01,3.00000000,8
2025-05-15 14:01:40,sc,volatility,"sc在1d窗口内波动率为6.05%",2025-05-15 13:15:00,2025-05-15 13:29:59,0.00000000,6.05,0.00,96.00,0.00357600,3
2025-05-15 14:01:40,sc,volatility,"sc在1d窗口内波动率为6.05%",2025-05-15 13:15:00,2025-05-15 13:29:59,0.00000000,3.00,6.05,0.00,96.00000000,0
2025-05-15 14:01:40,shib,volatility,"shib在1d窗口内波动率为8.19%",2025-05-15 13:15:00,2025-05-15 13:29:59,0.00000000,8.19,0.01,96.00,0.00001544,3
2025-05-15 14:01:40,shell,volatility,"shell在1d窗口内波动率为10.41%",2025-05-15 13:15:00,2025-05-15 13:29:59,0.00000000,10.41,0.01,96.00,0.22680000,3
2025-05-15 14:01:40,shell,volatility,"shell在1d窗口内波动率为10.41%",2025-05-15 13:15:00,2025-05-15 13:29:59,0.00000000,10.41,0.01,96.00,0.22680000,3
2025-05-15 14:01:40,shib,volatility,"shib在1d窗口内波动率为8.19%",2025-05-15 13:15:00,2025-05-15 13:29:59,0.00000000,0.00,3.00,8.19,0.00516045,96
2025-05-15 14:01:40,slp,volatility,"slp在1d窗口内波动率为7.52%",2025-05-15 13:45:00,2025-05-15 13:59:59,0.00000000,7.52,0.00,96.00,0.00189700,3
2025-05-15 14:01:40,slp,volatility,"slp在1d窗口内波动率为7.52%",2025-05-15 13:45:00,2025-05-15 13:59:59,0.00000000,7.52,0.00,96.00,0.00189700,3
2025-05-15 14:01:40,sol,volatility,"sol在1d窗口内波动率为6.08%",2025-05-15 13:15:00,2025-05-15 13:29:59,0.00000000,174.36,3.00,6.08,0.00383239,96
2025-05-15 14:01:40,snx,volatility,"snx在1d窗口内波动率为8.72%",2025-05-15 13:15:00,2025-05-15 13:29:59,0.00000000,8.72,0.01,96.00,0.87300000,3
2025-05-15 14:01:40,sol,volatility,"sol在1d窗口内波动率为6.08%",2025-05-15 13:15:00,2025-05-15 13:29:59,0.00000000,6.08,0.00,96.00,174.36000000,3
2025-05-15 14:01:40,snx,volatility,"snx在1d窗口内波动率为8.72%",2025-05-15 13:15:00,2025-05-15 13:29:59,0.00000000,0.87,3.00,8.72,0.00549542,96
2025-05-15 14:01:40,solv,volatility,"solv在1d窗口内波动率为16.62%",2025-05-15 13:15:00,2025-05-15 13:29:59,0.00000000,16.62,0.01,96.00,0.04197000,3
2025-05-15 14:01:40,solv,volatility,"solv在1d窗口内波动率为16.62%",2025-05-15 13:15:00,2025-05-15 13:29:59,0.00000000,96.00,0.04,3.00,16.61979968,0
2025-05-15 14:01:40,ssv,volatility,"ssv在1d窗口内波动率为11.39%",2025-05-15 13:15:00,2025-05-15 13:29:59,0.00000000,11.39,0.01,96.00,9.61000000,3
2025-05-15 14:01:40,ssv,volatility,"ssv在1d窗口内波动率为11.39%",2025-05-15 13:15:00,2025-05-15 13:29:59,0.00000000,9.61,3.00,11.39,0.00717716,96
2025-05-15 14:01:40,steem,volatility,"steem在1d窗口内波动率为6.36%",2025-05-15 10:30:00,2025-05-15 10:44:59,0.00000000,6.36,0.00,96.00,0.15740000,3
2025-05-15 14:01:40,steem,volatility,"steem在1d窗口内波动率为6.36%",2025-05-15 10:30:00,2025-05-15 10:44:59,0.00000000,96.00,0.16,3.00,6.35733590,0
2025-05-15 14:01:40,sto,volatility,"sto在1d窗口内波动率为10.44%",2025-05-15 13:15:00,2025-05-15 13:29:59,0.00000000,96.00,0.12,3.00,10.43508102,0
2025-05-15 14:01:40,sto,volatility,"sto在1d窗口内波动率为10.44%",2025-05-15 13:15:00,2025-05-15 13:29:59,0.00000000,96.00,0.12,3.00,10.43508102,0
2025-05-15 14:01:40,strk,volatility,"strk在1d窗口内波动率为9.17%",2025-05-15 13:15:00,2025-05-15 13:29:59,0.00000000,9.17,0.01,96.00,0.17240000,3
2025-05-15 14:01:40,stpt,volatility,"stpt在1d窗口内波动率为11.60%",2025-05-15 13:15:00,2025-05-15 13:29:59,0.00000000,96.00,0.07,3.00,11.60354393,0
2025-05-15 14:01:40,strk,volatility,"strk在1d窗口内波动率为9.17%",2025-05-15 13:15:00,2025-05-15 13:29:59,0.00000000,9.17,0.01,96.00,0.17240000,3
2025-05-15 14:01:40,stpt,volatility,"stpt在1d窗口内波动率为11.60%",2025-05-15 13:15:00,2025-05-15 13:29:59,0.00000000,11.60,0.01,96.00,0.07222000,3
2025-05-15 14:01:40,stx,volatility,"stx在1d窗口内波动率为8.45%",2025-05-15 13:45:00,2025-05-15 13:59:59,0.00000000,8.45,0.01,96.00,0.89200000,3
2025-05-15 14:01:40,stx,volatility,"stx在1d窗口内波动率为8.45%",2025-05-15 13:45:00,2025-05-15 13:59:59,0.00000000,0.89,3.00,8.45,0.00532259,96
2025-05-15 14:01:40,sxt,volatility,"sxt在1d窗口内波动率为18.14%",2025-05-15 13:15:00,2025-05-15 13:29:59,0.00000000,0.15,3.00,18.14,0.01142426,96
2025-05-15 14:01:40,sushi,volatility,"sushi在1d窗口内波动率为10.21%",2025-05-15 13:15:00,2025-05-15 13:29:59,0.00000000,3.00,10.21,0.01,96.00000000,0
2025-05-15 14:01:40,sushi,volatility,"sushi在1d窗口内波动率为10.21%",2025-05-15 13:15:00,2025-05-15 13:29:59,0.00000000,10.21,0.01,96.00,0.80200000,3
2025-05-15 14:01:40,syrup,volatility,"syrup在1d窗口内波动率为23.16%",2025-05-15 13:15:00,2025-05-15 13:29:59,0.00000000,23.16,0.01,96.00,0.30010000,3
2025-05-15 14:01:40,sxt,volatility,"sxt在1d窗口内波动率为18.14%",2025-05-15 13:15:00,2025-05-15 13:29:59,0.00000000,0.01,96.00,0.15,3.00000000,18
2025-05-15 14:01:40,syrup,volatility,"syrup在1d窗口内波动率为23.16%",2025-05-15 13:15:00,2025-05-15 13:29:59,0.00000000,0.01,96.00,0.30,3.00000000,23
2025-05-15 14:01:40,theta,volatility,"theta在1d窗口内波动率为8.13%",2025-05-15 13:15:00,2025-05-15 13:29:59,0.00000000,8.13,0.01,96.00,0.95900000,3
2025-05-15 14:01:40,tko,volatility,"tko在1d窗口内波动率为5.72%",2025-05-15 13:15:00,2025-05-15 13:29:59,0.00000000,0.00,96.00,0.18,3.00000000,5
2025-05-15 14:01:40,theta,volatility,"theta在1d窗口内波动率为8.13%",2025-05-15 13:15:00,2025-05-15 13:29:59,0.00000000,8.13,0.01,96.00,0.95900000,3
2025-05-15 14:01:40,tko,volatility,"tko在1d窗口内波动率为5.72%",2025-05-15 13:15:00,2025-05-15 13:29:59,0.00000000,5.72,0.00,96.00,0.18230000,3
2025-05-15 14:01:40,trb,volatility,"trb在1d窗口内波动率为9.48%",2025-05-15 13:15:00,2025-05-15 13:29:59,0.00000000,96.00,34.14,3.00,9.48226078,0
2025-05-15 14:01:40,trb,volatility,"trb在1d窗口内波动率为9.48%",2025-05-15 13:15:00,2025-05-15 13:29:59,0.00000000,9.48,0.01,96.00,34.14000000,3
2025-05-15 14:01:40,tut,volatility,"tut在1d窗口内波动率为14.26%",2025-05-15 13:15:00,2025-05-15 13:29:59,0.00000000,96.00,0.03,3.00,14.26006045,0
2025-05-15 14:01:40,turbo,volatility,"turbo在1d窗口内波动率为11.79%",2025-05-15 13:45:00,2025-05-15 13:59:59,0.00000000,11.79,0.01,96.00,0.00545300,3
2025-05-15 14:01:40,turbo,volatility,"turbo在1d窗口内波动率为11.79%",2025-05-15 13:45:00,2025-05-15 13:59:59,0.00000000,11.79,0.01,96.00,0.00545300,3
2025-05-15 14:01:40,tut,volatility,"tut在1d窗口内波动率为14.26%",2025-05-15 13:15:00,2025-05-15 13:29:59,0.00000000,0.01,96.00,0.03,3.00000000,14
2025-05-15 14:01:40,twt,volatility,"twt在1d窗口内波动率为7.09%",2025-05-15 10:30:00,2025-05-15 10:44:59,0.00000000,0.86,3.00,7.09,0.00446347,96
2025-05-15 14:01:40,twt,volatility,"twt在1d窗口内波动率为7.09%",2025-05-15 10:30:00,2025-05-15 10:44:59,0.00000000,0.00,96.00,0.86,3.00000000,7
2025-05-15 14:01:40,uni,volatility,"uni在1d窗口内波动率为7.19%",2025-05-15 13:15:00,2025-05-15 13:29:59,0.00000000,96.00,6.59,3.00,7.18958667,0
2025-05-15 14:01:40,uni,volatility,"uni在1d窗口内波动率为7.19%",2025-05-15 13:15:00,2025-05-15 13:29:59,0.00000000,7.19,0.00,96.00,6.59300000,3
2025-05-15 14:01:40,utk,volatility,"utk在1d窗口内波动率为7.62%",2025-05-15 13:15:00,2025-05-15 13:29:59,0.00000000,3.00,7.62,0.00,96.00000000,0
2025-05-15 14:01:40,utk,volatility,"utk在1d窗口内波动率为7.62%",2025-05-15 13:15:00,2025-05-15 13:29:59,0.00000000,3.00,7.62,0.00,96.00000000,0
2025-05-15 14:01:40,vana,volatility,"vana在1d窗口内波动率为8.88%",2025-05-15 13:45:00,2025-05-15 13:59:59,0.00000000,8.88,0.01,96.00,6.18400000,3
2025-05-15 14:01:40,vana,volatility,"vana在1d窗口内波动率为8.88%",2025-05-15 13:45:00,2025-05-15 13:59:59,0.00000000,8.88,0.01,96.00,6.18400000,3
2025-05-15 14:01:40,vet,volatility,"vet在1d窗口内波动率为7.86%",2025-05-15 13:45:00,2025-05-15 13:59:59,0.00000000,7.86,0.00,96.00,0.02938000,3
2025-05-15 14:01:40,vet,volatility,"vet在1d窗口内波动率为7.86%",2025-05-15 13:45:00,2025-05-15 13:59:59,0.00000000,7.86,0.00,96.00,0.02938000,3
2025-05-15 14:01:40,vic,volatility,"vic在1d窗口内波动率为7.87%",2025-05-15 13:15:00,2025-05-15 13:29:59,0.00000000,7.87,0.00,96.00,0.25820000,3
2025-05-15 14:01:40,vic,volatility,"vic在1d窗口内波动率为7.87%",2025-05-15 13:15:00,2025-05-15 13:29:59,0.00000000,7.87,0.00,96.00,0.25820000,3
2025-05-15 14:01:40,virtual,volatility,"virtual在1d窗口内波动率为10.61%",2025-05-15 13:15:00,2025-05-15 13:29:59,0.00000000,10.61,0.01,96.00,1.96280000,3
2025-05-15 14:01:40,virtual,volatility,"virtual在1d窗口内波动率为10.61%",2025-05-15 13:15:00,2025-05-15 13:29:59,0.00000000,10.61,0.01,96.00,1.96280000,3
2025-05-15 14:01:40,wif,volatility,"wif在1d窗口内波动率为16.06%",2025-05-15 13:45:00,2025-05-15 13:59:59,0.00000000,1.08,3.00,16.06,0.01011461,96
2025-05-15 14:01:40,win,volatility,"win在1d窗口内波动率为5.24%",2025-05-15 13:15:00,2025-05-15 13:29:59,0.00000000,0.00,3.00,5.24,0.00330356,96
2025-05-15 14:01:40,wif,volatility,"wif在1d窗口内波动率为16.06%",2025-05-15 13:45:00,2025-05-15 13:59:59,0.00000000,16.06,0.01,96.00,1.08200000,3
2025-05-15 14:01:40,win,volatility,"win在1d窗口内波动率为5.24%",2025-05-15 13:15:00,2025-05-15 13:29:59,0.00000000,5.24,0.00,96.00,0.00006239,3
2025-05-15 14:01:40,xai,volatility,"xai在1d窗口内波动率为10.45%",2025-05-15 13:15:00,2025-05-15 13:29:59,0.00000000,3.00,10.45,0.01,96.00000000,0
2025-05-15 14:01:40,xai,volatility,"xai在1d窗口内波动率为10.45%",2025-05-15 13:15:00,2025-05-15 13:29:59,0.00000000,3.00,10.45,0.01,96.00000000,0
2025-05-15 14:01:40,xrp,volatility,"xrp在1d窗口内波动率为6.23%",2025-05-15 13:15:00,2025-05-15 13:29:59,0.00000000,3.00,6.23,0.00,96.00000000,2
2025-05-15 14:01:40,xrp,volatility,"xrp在1d窗口内波动率为6.23%",2025-05-15 13:15:00,2025-05-15 13:29:59,0.00000000,6.23,0.00,96.00,2.51670000,3
2025-05-15 14:01:40,xvg,volatility,"xvg在1d窗口内波动率为18.00%",2025-05-15 13:45:00,2025-05-15 13:59:59,0.00000000,96.00,0.01,3.00,18.00028234,0
2025-05-15 14:01:40,xvs,volatility,"xvs在1d窗口内波动率为8.48%",2025-05-15 13:15:00,2025-05-15 13:29:59,0.00000000,0.01,96.00,7.03,3.00000000,8
2025-05-15 14:01:40,xvg,volatility,"xvg在1d窗口内波动率为18.00%",2025-05-15 13:45:00,2025-05-15 13:59:59,0.00000000,18.00,0.01,96.00,0.00697500,3
2025-05-15 14:01:40,xvs,volatility,"xvs在1d窗口内波动率为8.48%",2025-05-15 13:15:00,2025-05-15 13:29:59,0.00000000,8.48,0.01,96.00,7.03000000,3
2025-05-15 14:01:40,zen,volatility,"zen在1d窗口内波动率为9.11%",2025-05-15 13:15:00,2025-05-15 13:29:59,0.00000000,0.01,96.00,10.06,3.00000000,9
2025-05-15 14:01:40,ygg,volatility,"ygg在1d窗口内波动率为10.81%",2025-05-15 13:15:00,2025-05-15 13:29:59,0.00000000,0.01,96.00,0.23,3.00000000,10
2025-05-15 14:01:40,ygg,volatility,"ygg在1d窗口内波动率为10.81%",2025-05-15 13:15:00,2025-05-15 13:29:59,0.00000000,10.81,0.01,96.00,0.22940000,3
2025-05-15 14:01:40,zk,volatility,"zk在1d窗口内波动率为8.80%",2025-05-15 13:15:00,2025-05-15 13:29:59,0.00000000,96.00,0.07,3.00,8.79657235,0
2025-05-15 14:01:40,zen,volatility,"zen在1d窗口内波动率为9.11%",2025-05-15 13:15:00,2025-05-15 13:29:59,0.00000000,9.11,0.01,96.00,10.06000000,3
2025-05-15 14:01:40,zk,volatility,"zk在1d窗口内波动率为8.80%",2025-05-15 13:15:00,2025-05-15 13:29:59,0.00000000,8.80,0.01,96.00,0.07130000,3
